2026-05-26 18:14:56 [background-preinit] INFO  o.h.validator.internal.util.Version - HV000001: Hibernate Validator 8.0.3.Final
2026-05-26 18:14:56 [main] INFO  o.m.OrionpayMerchantServiceApplication - Starting OrionpayMerchantServiceApplication using Java 21.0.10 with PID 40040 (C:\Users\chico\Github\projects\github\orionpay-merchant-service\target\classes started by chico in C:\Users\chico\Github\projects\github\orionpay-merchant-service)
2026-05-26 18:14:56 [main] INFO  o.m.OrionpayMerchantServiceApplication - The following 1 profile is active: "local"
2026-05-26 18:14:57 [main] INFO  o.s.d.r.c.RepositoryConfigurationDelegate - Multiple Spring Data modules found, entering strict repository configuration mode
2026-05-26 18:14:57 [main] INFO  o.s.d.r.c.RepositoryConfigurationDelegate - Bootstrapping Spring Data JPA repositories in DEFAULT mode.
2026-05-26 18:14:58 [main] INFO  o.s.d.r.c.RepositoryConfigurationDelegate - Finished Spring Data repository scanning in 196 ms. Found 15 JPA repository interfaces.
2026-05-26 18:14:58 [main] INFO  o.s.d.r.c.RepositoryConfigurationDelegate - Multiple Spring Data modules found, entering strict repository configuration mode
2026-05-26 18:14:58 [main] INFO  o.s.d.r.c.RepositoryConfigurationDelegate - Bootstrapping Spring Data Redis repositories in DEFAULT mode.
2026-05-26 18:14:58 [main] INFO  o.s.d.r.c.RepositoryConfigurationExtensionSupport - Spring Data Redis - Could not safely identify store assignment for repository candidate interface orionpay.merchant.infrastructure.adapters.output.persistence.reposittory.JpaAuditLogRepository; If you want this repository to be a Redis repository, consider annotating your entities with one of these annotations: org.springframework.data.redis.core.RedisHash (preferred), or consider extending one of the following types with your repository: org.springframework.data.keyvalue.repository.KeyValueRepository
2026-05-26 18:14:58 [main] INFO  o.s.d.r.c.RepositoryConfigurationExtensionSupport - Spring Data Redis - Could not safely identify store assignment for repository candidate interface orionpay.merchant.infrastructure.adapters.output.persistence.reposittory.JpaAuthUserRepository; If you want this repository to be a Redis repository, consider annotating your entities with one of these annotations: org.springframework.data.redis.core.RedisHash (preferred), or consider extending one of the following types with your repository: org.springframework.data.keyvalue.repository.KeyValueRepository
2026-05-26 18:14:58 [main] INFO  o.s.d.r.c.RepositoryConfigurationExtensionSupport - Spring Data Redis - Could not safely identify store assignment for repository candidate interface orionpay.merchant.infrastructure.adapters.output.persistence.reposittory.JpaDailySummaryRepository; If you want this repository to be a Redis repository, consider annotating your entities with one of these annotations: org.springframework.data.redis.core.RedisHash (preferred), or consider extending one of the following types with your repository: org.springframework.data.keyvalue.repository.KeyValueRepository
2026-05-26 18:14:58 [main] INFO  o.s.d.r.c.RepositoryConfigurationExtensionSupport - Spring Data Redis - Could not safely identify store assignment for repository candidate interface orionpay.merchant.infrastructure.adapters.output.persistence.reposittory.JpaJournalRepository; If you want this repository to be a Redis repository, consider annotating your entities with one of these annotations: org.springframework.data.redis.core.RedisHash (preferred), or consider extending one of the following types with your repository: org.springframework.data.keyvalue.repository.KeyValueRepository
2026-05-26 18:14:58 [main] INFO  o.s.d.r.c.RepositoryConfigurationExtensionSupport - Spring Data Redis - Could not safely identify store assignment for repository candidate interface orionpay.merchant.infrastructure.adapters.output.persistence.reposittory.JpaLedgerAccountRepository; If you want this repository to be a Redis repository, consider annotating your entities with one of these annotations: org.springframework.data.redis.core.RedisHash (preferred), or consider extending one of the following types with your repository: org.springframework.data.keyvalue.repository.KeyValueRepository
2026-05-26 18:14:58 [main] INFO  o.s.d.r.c.RepositoryConfigurationExtensionSupport - Spring Data Redis - Could not safely identify store assignment for repository candidate interface orionpay.merchant.infrastructure.adapters.output.persistence.reposittory.JpaLedgerEntryRepository; If you want this repository to be a Redis repository, consider annotating your entities with one of these annotations: org.springframework.data.redis.core.RedisHash (preferred), or consider extending one of the following types with your repository: org.springframework.data.keyvalue.repository.KeyValueRepository
2026-05-26 18:14:58 [main] INFO  o.s.d.r.c.RepositoryConfigurationExtensionSupport - Spring Data Redis - Could not safely identify store assignment for repository candidate interface orionpay.merchant.infrastructure.adapters.output.persistence.reposittory.JpaMerchantRepository; If you want this repository to be a Redis repository, consider annotating your entities with one of these annotations: org.springframework.data.redis.core.RedisHash (preferred), or consider extending one of the following types with your repository: org.springframework.data.keyvalue.repository.KeyValueRepository
2026-05-26 18:14:58 [main] INFO  o.s.d.r.c.RepositoryConfigurationExtensionSupport - Spring Data Redis - Could not safely identify store assignment for repository candidate interface orionpay.merchant.infrastructure.adapters.output.persistence.reposittory.JpaOutboxRepository; If you want this repository to be a Redis repository, consider annotating your entities with one of these annotations: org.springframework.data.redis.core.RedisHash (preferred), or consider extending one of the following types with your repository: org.springframework.data.keyvalue.repository.KeyValueRepository
2026-05-26 18:14:58 [main] INFO  o.s.d.r.c.RepositoryConfigurationExtensionSupport - Spring Data Redis - Could not safely identify store assignment for repository candidate interface orionpay.merchant.infrastructure.adapters.output.persistence.reposittory.JpaPayoutRepository; If you want this repository to be a Redis repository, consider annotating your entities with one of these annotations: org.springframework.data.redis.core.RedisHash (preferred), or consider extending one of the following types with your repository: org.springframework.data.keyvalue.repository.KeyValueRepository
2026-05-26 18:14:58 [main] INFO  o.s.d.r.c.RepositoryConfigurationExtensionSupport - Spring Data Redis - Could not safely identify store assignment for repository candidate interface orionpay.merchant.infrastructure.adapters.output.persistence.reposittory.JpaPricingRepository; If you want this repository to be a Redis repository, consider annotating your entities with one of these annotations: org.springframework.data.redis.core.RedisHash (preferred), or consider extending one of the following types with your repository: org.springframework.data.keyvalue.repository.KeyValueRepository
2026-05-26 18:14:58 [main] INFO  o.s.d.r.c.RepositoryConfigurationExtensionSupport - Spring Data Redis - Could not safely identify store assignment for repository candidate interface orionpay.merchant.infrastructure.adapters.output.persistence.reposittory.JpaRefreshTokenRepository; If you want this repository to be a Redis repository, consider annotating your entities with one of these annotations: org.springframework.data.redis.core.RedisHash (preferred), or consider extending one of the following types with your repository: org.springframework.data.keyvalue.repository.KeyValueRepository
2026-05-26 18:14:58 [main] INFO  o.s.d.r.c.RepositoryConfigurationExtensionSupport - Spring Data Redis - Could not safely identify store assignment for repository candidate interface orionpay.merchant.infrastructure.adapters.output.persistence.reposittory.JpaSettlementEntryRepository; If you want this repository to be a Redis repository, consider annotating your entities with one of these annotations: org.springframework.data.redis.core.RedisHash (preferred), or consider extending one of the following types with your repository: org.springframework.data.keyvalue.repository.KeyValueRepository
2026-05-26 18:14:58 [main] INFO  o.s.d.r.c.RepositoryConfigurationExtensionSupport - Spring Data Redis - Could not safely identify store assignment for repository candidate interface orionpay.merchant.infrastructure.adapters.output.persistence.reposittory.JpaTerminalRepository; If you want this repository to be a Redis repository, consider annotating your entities with one of these annotations: org.springframework.data.redis.core.RedisHash (preferred), or consider extending one of the following types with your repository: org.springframework.data.keyvalue.repository.KeyValueRepository
2026-05-26 18:14:58 [main] INFO  o.s.d.r.c.RepositoryConfigurationExtensionSupport - Spring Data Redis - Could not safely identify store assignment for repository candidate interface orionpay.merchant.infrastructure.adapters.output.persistence.reposittory.JpaTransactionRepository; If you want this repository to be a Redis repository, consider annotating your entities with one of these annotations: org.springframework.data.redis.core.RedisHash (preferred), or consider extending one of the following types with your repository: org.springframework.data.keyvalue.repository.KeyValueRepository
2026-05-26 18:14:58 [main] INFO  o.s.d.r.c.RepositoryConfigurationExtensionSupport - Spring Data Redis - Could not safely identify store assignment for repository candidate interface orionpay.merchant.infrastructure.adapters.output.persistence.TransactionRepository; If you want this repository to be a Redis repository, consider annotating your entities with one of these annotations: org.springframework.data.redis.core.RedisHash (preferred), or consider extending one of the following types with your repository: org.springframework.data.keyvalue.repository.KeyValueRepository
2026-05-26 18:14:58 [main] INFO  o.s.d.r.c.RepositoryConfigurationDelegate - Finished Spring Data repository scanning in 34 ms. Found 0 Redis repository interfaces.
2026-05-26 18:14:59 [main] INFO  o.s.b.w.e.tomcat.TomcatWebServer - Tomcat initialized with port 8085 (http)
2026-05-26 18:14:59 [main] INFO  o.a.coyote.http11.Http11NioProtocol - Initializing ProtocolHandler ["http-nio-0.0.0.0-8085"]
2026-05-26 18:14:59 [main] INFO  o.a.catalina.core.StandardService - Starting service [Tomcat]
2026-05-26 18:14:59 [main] INFO  o.a.catalina.core.StandardEngine - Starting Servlet engine: [Apache Tomcat/10.1.52]
2026-05-26 18:14:59 [main] INFO  o.a.c.c.C.[Tomcat].[localhost].[/] - Initializing Spring embedded WebApplicationContext
2026-05-26 18:14:59 [main] INFO  o.s.b.w.s.c.ServletWebServerApplicationContext - Root WebApplicationContext: initialization completed in 2683 ms
2026-05-26 18:14:59 [main] INFO  o.h.jpa.internal.util.LogHelper - HHH000204: Processing PersistenceUnitInfo [name: default]
2026-05-26 18:14:59 [main] INFO  org.hibernate.Version - HHH000412: Hibernate ORM core version 6.6.42.Final
2026-05-26 18:14:59 [main] INFO  o.h.c.i.RegionFactoryInitiator - HHH000026: Second-level cache disabled
2026-05-26 18:15:00 [main] INFO  o.s.o.j.p.SpringPersistenceUnitInfo - No LoadTimeWeaver setup: ignoring JPA class transformer
2026-05-26 18:15:00 [main] INFO  com.zaxxer.hikari.HikariDataSource - HikariPool-1 - Starting...
2026-05-26 18:15:00 [main] INFO  com.zaxxer.hikari.pool.HikariPool - HikariPool-1 - Added connection org.postgresql.jdbc.PgConnection@29d33f1
2026-05-26 18:15:00 [main] INFO  com.zaxxer.hikari.HikariDataSource - HikariPool-1 - Start completed.
2026-05-26 18:15:00 [main] INFO  o.hibernate.orm.connections.pooling - HHH10001005: Database info:
	Database JDBC URL [Connecting through datasource 'HikariDataSource (HikariPool-1)']
	Database driver: undefined/unknown
	Database version: 18.2
	Autocommit mode: undefined/unknown
	Isolation level: undefined/unknown
	Minimum pool size: undefined/unknown
	Maximum pool size: undefined/unknown
2026-05-26 18:15:04 [main] INFO  o.h.e.t.j.p.i.JtaPlatformInitiator - HHH000489: No JTA platform available (set 'hibernate.transaction.jta.platform' to enable JTA platform integration)
2026-05-26 18:15:04 [main] INFO  o.s.o.j.LocalContainerEntityManagerFactoryBean - Initialized JPA EntityManagerFactory for persistence unit 'default'
2026-05-26 18:15:05 [main] INFO  o.s.d.j.r.query.QueryEnhancerFactory - Hibernate is in classpath; If applicable, HQL parser will be used.
2026-05-26 18:15:06 [main] INFO  o.s.s.c.a.a.c.InitializeAuthenticationProviderBeanManagerConfigurer$InitializeAuthenticationProviderManagerConfigurer - Global AuthenticationManager configured with AuthenticationProvider bean with name authenticationProvider
2026-05-26 18:15:06 [main] WARN  o.s.s.c.a.a.c.InitializeUserDetailsBeanManagerConfigurer$InitializeUserDetailsManagerConfigurer - Global AuthenticationManager configured with an AuthenticationProvider bean. UserDetailsService beans will not be used by Spring Security for automatically configuring username/password login. Consider removing the AuthenticationProvider bean. Alternatively, consider using the UserDetailsService in a manually instantiated DaoAuthenticationProvider. If the current configuration is intentional, to turn off this warning, increase the logging level of 'org.springframework.security.config.annotation.authentication.configuration.InitializeUserDetailsBeanManagerConfigurer' to ERROR
2026-05-26 18:15:07 [main] INFO  n.d.b.g.c.a.GrpcClientAutoConfiguration - Detected grpc-netty-shaded: Creating ShadedNettyChannelFactory + InProcessChannelFactory
2026-05-26 18:15:08 [main] INFO  o.m.i.a.o.p.RedisHealthCheck - Testando conexão com Redis...
2026-05-26 18:15:08 [main] INFO  o.m.i.a.o.p.RedisHealthCheck - Escrita no Redis: OK
2026-05-26 18:15:08 [main] INFO  o.m.i.a.o.p.RedisHealthCheck - Leitura no Redis: OK. Valor recuperado: Redis está UP! 2026-05-26T18:15:08.567995200
2026-05-26 18:15:09 [main] INFO  o.m.i.a.o.p.RedisHealthCheck - Deleção no Redis: OK
2026-05-26 18:15:09 [main] INFO  o.m.i.a.o.p.RedisHealthCheck - ✅ Conexão com Redis estabelecida com sucesso!
2026-05-26 18:15:09 [main] WARN  o.s.b.a.o.j.JpaBaseConfiguration$JpaWebConfiguration - spring.jpa.open-in-view is enabled by default. Therefore, database queries may be performed during view rendering. Explicitly configure spring.jpa.open-in-view to disable this warning
2026-05-26 18:15:10 [main] INFO  o.a.coyote.http11.Http11NioProtocol - Starting ProtocolHandler ["http-nio-0.0.0.0-8085"]
2026-05-26 18:15:10 [main] INFO  o.s.b.w.e.tomcat.TomcatWebServer - Tomcat started on port 8085 (http) with context path '/'
2026-05-26 18:15:10 [main] INFO  o.s.a.r.c.CachingConnectionFactory - Attempting to connect to: [localhost:5672]
2026-05-26 18:15:10 [main] INFO  o.s.a.r.l.SimpleMessageListenerContainer - Broker not available; cannot force queue declarations during start: java.net.ConnectException: Connection refused: getsockopt
2026-05-26 18:15:10 [org.springframework.amqp.rabbit.RabbitListenerEndpointContainer#0-1] INFO  o.s.a.r.c.CachingConnectionFactory - Attempting to connect to: [localhost:5672]
2026-05-26 18:15:10 [org.springframework.amqp.rabbit.RabbitListenerEndpointContainer#0-1] ERROR o.s.a.r.l.SimpleMessageListenerContainer - Failed to check/redeclare auto-delete queue(s).
org.springframework.amqp.AmqpConnectException: java.net.ConnectException: Connection refused: getsockopt
	at org.springframework.amqp.rabbit.support.RabbitExceptionTranslator.convertRabbitAccessException(RabbitExceptionTranslator.java:61)
	at org.springframework.amqp.rabbit.connection.AbstractConnectionFactory.createBareConnection(AbstractConnectionFactory.java:632)
	at org.springframework.amqp.rabbit.connection.CachingConnectionFactory.createConnection(CachingConnectionFactory.java:726)
	at org.springframework.amqp.rabbit.connection.ConnectionFactoryUtils.createConnection(ConnectionFactoryUtils.java:257)
	at org.springframework.amqp.rabbit.core.RabbitTemplate.doExecute(RabbitTemplate.java:2261)
	at org.springframework.amqp.rabbit.core.RabbitTemplate.execute(RabbitTemplate.java:2234)
	at org.springframework.amqp.rabbit.core.RabbitTemplate.execute(RabbitTemplate.java:2214)
	at org.springframework.amqp.rabbit.core.RabbitAdmin.getQueueInfo(RabbitAdmin.java:467)
	at org.springframework.amqp.rabbit.core.RabbitAdmin.getQueueProperties(RabbitAdmin.java:451)
	at org.springframework.amqp.rabbit.listener.AbstractMessageListenerContainer.attemptDeclarations(AbstractMessageListenerContainer.java:1972)
	at org.springframework.amqp.rabbit.listener.AbstractMessageListenerContainer.redeclareElementsIfNecessary(AbstractMessageListenerContainer.java:1936)
	at org.springframework.amqp.rabbit.listener.SimpleMessageListenerContainer$AsyncMessageProcessingConsumer.initialize(SimpleMessageListenerContainer.java:1489)
	at org.springframework.amqp.rabbit.listener.SimpleMessageListenerContainer$AsyncMessageProcessingConsumer.run(SimpleMessageListenerContainer.java:1328)
	at java.base/java.lang.Thread.run(Thread.java:1583)
Caused by: java.net.ConnectException: Connection refused: getsockopt
	at java.base/sun.nio.ch.Net.pollConnect(Native Method)
	at java.base/sun.nio.ch.Net.pollConnectNow(Net.java:694)
	at java.base/sun.nio.ch.NioSocketImpl.timedFinishConnect(NioSocketImpl.java:542)
	at java.base/sun.nio.ch.NioSocketImpl.connect(NioSocketImpl.java:592)
	at java.base/java.net.SocksSocketImpl.connect(SocksSocketImpl.java:327)
	at java.base/java.net.Socket.connect(Socket.java:751)
	at com.rabbitmq.client.impl.SocketFrameHandlerFactory.create(SocketFrameHandlerFactory.java:61)
	at com.rabbitmq.client.ConnectionFactory.newConnection(ConnectionFactory.java:1249)
	at com.rabbitmq.client.ConnectionFactory.newConnection(ConnectionFactory.java:1198)
	at org.springframework.amqp.rabbit.connection.AbstractConnectionFactory.connectAddresses(AbstractConnectionFactory.java:678)
	at org.springframework.amqp.rabbit.connection.AbstractConnectionFactory.connect(AbstractConnectionFactory.java:647)
	at org.springframework.amqp.rabbit.connection.AbstractConnectionFactory.createBareConnection(AbstractConnectionFactory.java:593)
	... 12 common frames omitted
2026-05-26 18:15:11 [org.springframework.amqp.rabbit.RabbitListenerEndpointContainer#0-1] INFO  o.s.a.r.c.CachingConnectionFactory - Attempting to connect to: [localhost:5672]
2026-05-26 18:15:11 [main] INFO  o.m.OrionpayMerchantServiceApplication - Started OrionpayMerchantServiceApplication in 14.79 seconds (process running for 21.943)
2026-05-26 18:15:16 [org.springframework.amqp.rabbit.RabbitListenerEndpointContainer#0-1] WARN  o.s.a.r.l.SimpleMessageListenerContainer - Consumer raised exception, processing can restart if the connection factory supports it. Exception summary: org.springframework.amqp.AmqpConnectException: java.net.ConnectException: Connection refused: getsockopt
2026-05-26 18:15:16 [org.springframework.amqp.rabbit.RabbitListenerEndpointContainer#0-1] INFO  o.s.a.r.l.SimpleMessageListenerContainer - Restarting Consumer@271ab510: tags=[[]], channel=null, acknowledgeMode=MANUAL local queue size=0
2026-05-26 18:15:16 [org.springframework.amqp.rabbit.RabbitListenerEndpointContainer#0-2] INFO  o.s.a.r.c.CachingConnectionFactory - Attempting to connect to: [localhost:5672]
2026-05-26 18:15:16 [org.springframework.amqp.rabbit.RabbitListenerEndpointContainer#0-2] ERROR o.s.a.r.l.SimpleMessageListenerContainer - Failed to check/redeclare auto-delete queue(s).
2026-05-26 18:15:16 [org.springframework.amqp.rabbit.RabbitListenerEndpointContainer#0-2] INFO  o.s.a.r.c.CachingConnectionFactory - Attempting to connect to: [localhost:5672]
2026-05-26 18:15:21 [org.springframework.amqp.rabbit.RabbitListenerEndpointContainer#0-2] WARN  o.s.a.r.l.SimpleMessageListenerContainer - Consumer raised exception, processing can restart if the connection factory supports it. Exception summary: org.springframework.amqp.AmqpConnectException: java.net.ConnectException: Connection refused: getsockopt
2026-05-26 18:15:21 [org.springframework.amqp.rabbit.RabbitListenerEndpointContainer#0-2] INFO  o.s.a.r.l.SimpleMessageListenerContainer - Restarting Consumer@10aee417: tags=[[]], channel=null, acknowledgeMode=MANUAL local queue size=0
2026-05-26 18:15:21 [org.springframework.amqp.rabbit.RabbitListenerEndpointContainer#0-3] INFO  o.s.a.r.c.CachingConnectionFactory - Attempting to connect to: [localhost:5672]
2026-05-26 18:15:21 [org.springframework.amqp.rabbit.RabbitListenerEndpointContainer#0-3] ERROR o.s.a.r.l.SimpleMessageListenerContainer - Failed to check/redeclare auto-delete queue(s).
2026-05-26 18:15:21 [org.springframework.amqp.rabbit.RabbitListenerEndpointContainer#0-3] INFO  o.s.a.r.c.CachingConnectionFactory - Attempting to connect to: [localhost:5672]
2026-05-26 18:15:26 [org.springframework.amqp.rabbit.RabbitListenerEndpointContainer#0-3] WARN  o.s.a.r.l.SimpleMessageListenerContainer - Consumer raised exception, processing can restart if the connection factory supports it. Exception summary: org.springframework.amqp.AmqpConnectException: java.net.ConnectException: Connection refused: getsockopt
2026-05-26 18:15:26 [org.springframework.amqp.rabbit.RabbitListenerEndpointContainer#0-3] INFO  o.s.a.r.l.SimpleMessageListenerContainer - Restarting Consumer@31a61777: tags=[[]], channel=null, acknowledgeMode=MANUAL local queue size=0
2026-05-26 18:15:26 [org.springframework.amqp.rabbit.RabbitListenerEndpointContainer#0-4] INFO  o.s.a.r.c.CachingConnectionFactory - Attempting to connect to: [localhost:5672]
2026-05-26 18:15:26 [org.springframework.amqp.rabbit.RabbitListenerEndpointContainer#0-4] ERROR o.s.a.r.l.SimpleMessageListenerContainer - Failed to check/redeclare auto-delete queue(s).
2026-05-26 18:15:26 [org.springframework.amqp.rabbit.RabbitListenerEndpointContainer#0-4] INFO  o.s.a.r.c.CachingConnectionFactory - Attempting to connect to: [localhost:5672]
2026-05-26 18:15:31 [org.springframework.amqp.rabbit.RabbitListenerEndpointContainer#0-4] WARN  o.s.a.r.l.SimpleMessageListenerContainer - Consumer raised exception, processing can restart if the connection factory supports it. Exception summary: org.springframework.amqp.AmqpConnectException: java.net.ConnectException: Connection refused: getsockopt
2026-05-26 18:15:31 [org.springframework.amqp.rabbit.RabbitListenerEndpointContainer#0-4] INFO  o.s.a.r.l.SimpleMessageListenerContainer - Restarting Consumer@5bc0251f: tags=[[]], channel=null, acknowledgeMode=MANUAL local queue size=0
2026-05-26 18:15:31 [org.springframework.amqp.rabbit.RabbitListenerEndpointContainer#0-5] INFO  o.s.a.r.c.CachingConnectionFactory - Attempting to connect to: [localhost:5672]
2026-05-26 18:15:31 [org.springframework.amqp.rabbit.RabbitListenerEndpointContainer#0-5] ERROR o.s.a.r.l.SimpleMessageListenerContainer - Failed to check/redeclare auto-delete queue(s).
2026-05-26 18:15:31 [org.springframework.amqp.rabbit.RabbitListenerEndpointContainer#0-5] INFO  o.s.a.r.c.CachingConnectionFactory - Attempting to connect to: [localhost:5672]
2026-05-26 18:15:36 [org.springframework.amqp.rabbit.RabbitListenerEndpointContainer#0-5] WARN  o.s.a.r.l.SimpleMessageListenerContainer - Consumer raised exception, processing can restart if the connection factory supports it. Exception summary: org.springframework.amqp.AmqpConnectException: java.net.ConnectException: Connection refused: getsockopt
2026-05-26 18:15:36 [org.springframework.amqp.rabbit.RabbitListenerEndpointContainer#0-5] INFO  o.s.a.r.l.SimpleMessageListenerContainer - Restarting Consumer@730c080: tags=[[]], channel=null, acknowledgeMode=MANUAL local queue size=0
2026-05-26 18:15:36 [org.springframework.amqp.rabbit.RabbitListenerEndpointContainer#0-6] INFO  o.s.a.r.c.CachingConnectionFactory - Attempting to connect to: [localhost:5672]
2026-05-26 18:15:36 [org.springframework.amqp.rabbit.RabbitListenerEndpointContainer#0-6] ERROR o.s.a.r.l.SimpleMessageListenerContainer - Failed to check/redeclare auto-delete queue(s).
2026-05-26 18:15:36 [org.springframework.amqp.rabbit.RabbitListenerEndpointContainer#0-6] INFO  o.s.a.r.c.CachingConnectionFactory - Attempting to connect to: [localhost:5672]
2026-05-26 18:15:41 [org.springframework.amqp.rabbit.RabbitListenerEndpointContainer#0-6] WARN  o.s.a.r.l.SimpleMessageListenerContainer - Consumer raised exception, processing can restart if the connection factory supports it. Exception summary: org.springframework.amqp.AmqpConnectException: java.net.ConnectException: Connection refused: getsockopt
2026-05-26 18:15:41 [org.springframework.amqp.rabbit.RabbitListenerEndpointContainer#0-6] INFO  o.s.a.r.l.SimpleMessageListenerContainer - Restarting Consumer@407e67cf: tags=[[]], channel=null, acknowledgeMode=MANUAL local queue size=0
2026-05-26 18:15:41 [org.springframework.amqp.rabbit.RabbitListenerEndpointContainer#0-7] INFO  o.s.a.r.c.CachingConnectionFactory - Attempting to connect to: [localhost:5672]
2026-05-26 18:15:41 [org.springframework.amqp.rabbit.RabbitListenerEndpointContainer#0-7] ERROR o.s.a.r.l.SimpleMessageListenerContainer - Failed to check/redeclare auto-delete queue(s).
2026-05-26 18:15:41 [org.springframework.amqp.rabbit.RabbitListenerEndpointContainer#0-7] INFO  o.s.a.r.c.CachingConnectionFactory - Attempting to connect to: [localhost:5672]
2026-05-26 18:15:47 [org.springframework.amqp.rabbit.RabbitListenerEndpointContainer#0-7] WARN  o.s.a.r.l.SimpleMessageListenerContainer - Consumer raised exception, processing can restart if the connection factory supports it. Exception summary: org.springframework.amqp.AmqpConnectException: java.net.ConnectException: Connection refused: getsockopt
2026-05-26 18:15:47 [org.springframework.amqp.rabbit.RabbitListenerEndpointContainer#0-7] INFO  o.s.a.r.l.SimpleMessageListenerContainer - Restarting Consumer@2a0214a1: tags=[[]], channel=null, acknowledgeMode=MANUAL local queue size=0
2026-05-26 18:15:47 [org.springframework.amqp.rabbit.RabbitListenerEndpointContainer#0-8] INFO  o.s.a.r.c.CachingConnectionFactory - Attempting to connect to: [localhost:5672]
2026-05-26 18:15:47 [org.springframework.amqp.rabbit.RabbitListenerEndpointContainer#0-8] ERROR o.s.a.r.l.SimpleMessageListenerContainer - Failed to check/redeclare auto-delete queue(s).
2026-05-26 18:15:47 [org.springframework.amqp.rabbit.RabbitListenerEndpointContainer#0-8] INFO  o.s.a.r.c.CachingConnectionFactory - Attempting to connect to: [localhost:5672]
2026-05-26 18:15:52 [org.springframework.amqp.rabbit.RabbitListenerEndpointContainer#0-8] WARN  o.s.a.r.l.SimpleMessageListenerContainer - Consumer raised exception, processing can restart if the connection factory supports it. Exception summary: org.springframework.amqp.AmqpConnectException: java.net.ConnectException: Connection refused: getsockopt
2026-05-26 18:15:52 [org.springframework.amqp.rabbit.RabbitListenerEndpointContainer#0-8] INFO  o.s.a.r.l.SimpleMessageListenerContainer - Restarting Consumer@517c2776: tags=[[]], channel=null, acknowledgeMode=MANUAL local queue size=0
2026-05-26 18:15:52 [org.springframework.amqp.rabbit.RabbitListenerEndpointContainer#0-9] INFO  o.s.a.r.c.CachingConnectionFactory - Attempting to connect to: [localhost:5672]
2026-05-26 18:15:52 [org.springframework.amqp.rabbit.RabbitListenerEndpointContainer#0-9] ERROR o.s.a.r.l.SimpleMessageListenerContainer - Failed to check/redeclare auto-delete queue(s).
2026-05-26 18:15:52 [org.springframework.amqp.rabbit.RabbitListenerEndpointContainer#0-9] INFO  o.s.a.r.c.CachingConnectionFactory - Attempting to connect to: [localhost:5672]
2026-05-26 18:15:57 [org.springframework.amqp.rabbit.RabbitListenerEndpointContainer#0-9] WARN  o.s.a.r.l.SimpleMessageListenerContainer - Consumer raised exception, processing can restart if the connection factory supports it. Exception summary: org.springframework.amqp.AmqpConnectException: java.net.ConnectException: Connection refused: getsockopt
2026-05-26 18:15:57 [org.springframework.amqp.rabbit.RabbitListenerEndpointContainer#0-9] INFO  o.s.a.r.l.SimpleMessageListenerContainer - Restarting Consumer@620ad4de: tags=[[]], channel=null, acknowledgeMode=MANUAL local queue size=0
2026-05-26 18:15:57 [org.springframework.amqp.rabbit.RabbitListenerEndpointContainer#0-10] INFO  o.s.a.r.c.CachingConnectionFactory - Attempting to connect to: [localhost:5672]
2026-05-26 18:15:57 [org.springframework.amqp.rabbit.RabbitListenerEndpointContainer#0-10] ERROR o.s.a.r.l.SimpleMessageListenerContainer - Failed to check/redeclare auto-delete queue(s).
2026-05-26 18:15:57 [org.springframework.amqp.rabbit.RabbitListenerEndpointContainer#0-10] INFO  o.s.a.r.c.CachingConnectionFactory - Attempting to connect to: [localhost:5672]
2026-05-26 18:16:02 [org.springframework.amqp.rabbit.RabbitListenerEndpointContainer#0-10] WARN  o.s.a.r.l.SimpleMessageListenerContainer - Consumer raised exception, processing can restart if the connection factory supports it. Exception summary: org.springframework.amqp.AmqpConnectException: java.net.ConnectException: Connection refused: getsockopt
2026-05-26 18:16:02 [org.springframework.amqp.rabbit.RabbitListenerEndpointContainer#0-10] INFO  o.s.a.r.l.SimpleMessageListenerContainer - Restarting Consumer@3d1f7dfc: tags=[[]], channel=null, acknowledgeMode=MANUAL local queue size=0
2026-05-26 18:16:02 [org.springframework.amqp.rabbit.RabbitListenerEndpointContainer#0-11] INFO  o.s.a.r.c.CachingConnectionFactory - Attempting to connect to: [localhost:5672]
2026-05-26 18:16:02 [org.springframework.amqp.rabbit.RabbitListenerEndpointContainer#0-11] ERROR o.s.a.r.l.SimpleMessageListenerContainer - Failed to check/redeclare auto-delete queue(s).
2026-05-26 18:16:02 [org.springframework.amqp.rabbit.RabbitListenerEndpointContainer#0-11] INFO  o.s.a.r.c.CachingConnectionFactory - Attempting to connect to: [localhost:5672]
2026-05-26 18:16:07 [org.springframework.amqp.rabbit.RabbitListenerEndpointContainer#0-11] WARN  o.s.a.r.l.SimpleMessageListenerContainer - Consumer raised exception, processing can restart if the connection factory supports it. Exception summary: org.springframework.amqp.AmqpConnectException: java.net.ConnectException: Connection refused: getsockopt
2026-05-26 18:16:07 [org.springframework.amqp.rabbit.RabbitListenerEndpointContainer#0-11] INFO  o.s.a.r.l.SimpleMessageListenerContainer - Restarting Consumer@6d683f75: tags=[[]], channel=null, acknowledgeMode=MANUAL local queue size=0
2026-05-26 18:16:07 [org.springframework.amqp.rabbit.RabbitListenerEndpointContainer#0-12] INFO  o.s.a.r.c.CachingConnectionFactory - Attempting to connect to: [localhost:5672]
2026-05-26 18:16:07 [org.springframework.amqp.rabbit.RabbitListenerEndpointContainer#0-12] ERROR o.s.a.r.l.SimpleMessageListenerContainer - Failed to check/redeclare auto-delete queue(s).
2026-05-26 18:16:07 [org.springframework.amqp.rabbit.RabbitListenerEndpointContainer#0-12] INFO  o.s.a.r.c.CachingConnectionFactory - Attempting to connect to: [localhost:5672]
2026-05-26 18:16:12 [org.springframework.amqp.rabbit.RabbitListenerEndpointContainer#0-12] WARN  o.s.a.r.l.SimpleMessageListenerContainer - Consumer raised exception, processing can restart if the connection factory supports it
org.springframework.amqp.AmqpIOException: java.io.IOException
	at org.springframework.amqp.rabbit.support.RabbitExceptionTranslator.convertRabbitAccessException(RabbitExceptionTranslator.java:70)
	at org.springframework.amqp.rabbit.connection.AbstractConnectionFactory.createBareConnection(AbstractConnectionFactory.java:632)
	at org.springframework.amqp.rabbit.connection.CachingConnectionFactory.createConnection(CachingConnectionFactory.java:726)
	at org.springframework.amqp.rabbit.connection.ConnectionFactoryUtils.createConnection(ConnectionFactoryUtils.java:257)
	at org.springframework.amqp.rabbit.connection.ConnectionFactoryUtils$RabbitResourceFactory.createConnection(ConnectionFactoryUtils.java:345)
	at org.springframework.amqp.rabbit.connection.ConnectionFactoryUtils.doGetTransactionalResourceHolder(ConnectionFactoryUtils.java:140)
	at org.springframework.amqp.rabbit.connection.ConnectionFactoryUtils.getTransactionalResourceHolder(ConnectionFactoryUtils.java:102)
	at org.springframework.amqp.rabbit.connection.ConnectionFactoryUtils.getTransactionalResourceHolder(ConnectionFactoryUtils.java:85)
	at org.springframework.amqp.rabbit.listener.BlockingQueueConsumer.start(BlockingQueueConsumer.java:625)
	at org.springframework.amqp.rabbit.listener.SimpleMessageListenerContainer$AsyncMessageProcessingConsumer.initialize(SimpleMessageListenerContainer.java:1490)
	at org.springframework.amqp.rabbit.listener.SimpleMessageListenerContainer$AsyncMessageProcessingConsumer.run(SimpleMessageListenerContainer.java:1328)
	at java.base/java.lang.Thread.run(Thread.java:1583)
Caused by: java.io.IOException
	at com.rabbitmq.client.impl.AMQChannel.wrap(AMQChannel.java:140)
	at com.rabbitmq.client.impl.AMQChannel.wrap(AMQChannel.java:136)
	at com.rabbitmq.client.impl.AMQConnection.start(AMQConnection.java:406)
	at com.rabbitmq.client.ConnectionFactory.newConnection(ConnectionFactory.java:1251)
	at com.rabbitmq.client.ConnectionFactory.newConnection(ConnectionFactory.java:1198)
	at org.springframework.amqp.rabbit.connection.AbstractConnectionFactory.connectAddresses(AbstractConnectionFactory.java:678)
	at org.springframework.amqp.rabbit.connection.AbstractConnectionFactory.connect(AbstractConnectionFactory.java:647)
	at org.springframework.amqp.rabbit.connection.AbstractConnectionFactory.createBareConnection(AbstractConnectionFactory.java:593)
	... 10 common frames omitted
Caused by: com.rabbitmq.client.ShutdownSignalException: connection error
	at com.rabbitmq.utility.ValueOrException.getValue(ValueOrException.java:66)
	at com.rabbitmq.utility.BlockingValueOrException.uninterruptibleGetValue(BlockingValueOrException.java:36)
	at com.rabbitmq.client.impl.AMQChannel$BlockingRpcContinuation.getReply(AMQChannel.java:552)
	at com.rabbitmq.client.impl.AMQConnection.start(AMQConnection.java:336)
	... 15 common frames omitted
Caused by: java.io.EOFException
	at java.base/java.io.DataInputStream.readUnsignedByte(DataInputStream.java:297)
	at com.rabbitmq.client.impl.Frame.readFrom(Frame.java:91)
	at com.rabbitmq.client.impl.SocketFrameHandler.readFrame(SocketFrameHandler.java:199)
	at com.rabbitmq.client.impl.AMQConnection$MainLoop.run(AMQConnection.java:687)
	... 1 common frames omitted
2026-05-26 18:16:12 [org.springframework.amqp.rabbit.RabbitListenerEndpointContainer#0-12] INFO  o.s.a.r.l.SimpleMessageListenerContainer - Restarting Consumer@8f016bd: tags=[[]], channel=null, acknowledgeMode=MANUAL local queue size=0
2026-05-26 18:16:12 [org.springframework.amqp.rabbit.RabbitListenerEndpointContainer#0-13] INFO  o.s.a.r.c.CachingConnectionFactory - Attempting to connect to: [localhost:5672]
2026-05-26 18:16:12 [org.springframework.amqp.rabbit.RabbitListenerEndpointContainer#0-13] ERROR o.s.a.r.l.SimpleMessageListenerContainer - Failed to check/redeclare auto-delete queue(s).
2026-05-26 18:16:12 [org.springframework.amqp.rabbit.RabbitListenerEndpointContainer#0-13] INFO  o.s.a.r.c.CachingConnectionFactory - Attempting to connect to: [localhost:5672]
2026-05-26 18:16:17 [org.springframework.amqp.rabbit.RabbitListenerEndpointContainer#0-13] WARN  o.s.a.r.l.SimpleMessageListenerContainer - Consumer raised exception, processing can restart if the connection factory supports it
org.springframework.amqp.AmqpIOException: java.io.IOException
	at org.springframework.amqp.rabbit.support.RabbitExceptionTranslator.convertRabbitAccessException(RabbitExceptionTranslator.java:70)
	at org.springframework.amqp.rabbit.connection.AbstractConnectionFactory.createBareConnection(AbstractConnectionFactory.java:632)
	at org.springframework.amqp.rabbit.connection.CachingConnectionFactory.createConnection(CachingConnectionFactory.java:726)
	at org.springframework.amqp.rabbit.connection.ConnectionFactoryUtils.createConnection(ConnectionFactoryUtils.java:257)
	at org.springframework.amqp.rabbit.connection.ConnectionFactoryUtils$RabbitResourceFactory.createConnection(ConnectionFactoryUtils.java:345)
	at org.springframework.amqp.rabbit.connection.ConnectionFactoryUtils.doGetTransactionalResourceHolder(ConnectionFactoryUtils.java:140)
	at org.springframework.amqp.rabbit.connection.ConnectionFactoryUtils.getTransactionalResourceHolder(ConnectionFactoryUtils.java:102)
	at org.springframework.amqp.rabbit.connection.ConnectionFactoryUtils.getTransactionalResourceHolder(ConnectionFactoryUtils.java:85)
	at org.springframework.amqp.rabbit.listener.BlockingQueueConsumer.start(BlockingQueueConsumer.java:625)
	at org.springframework.amqp.rabbit.listener.SimpleMessageListenerContainer$AsyncMessageProcessingConsumer.initialize(SimpleMessageListenerContainer.java:1490)
	at org.springframework.amqp.rabbit.listener.SimpleMessageListenerContainer$AsyncMessageProcessingConsumer.run(SimpleMessageListenerContainer.java:1328)
	at java.base/java.lang.Thread.run(Thread.java:1583)
Caused by: java.io.IOException
	at com.rabbitmq.client.impl.AMQChannel.wrap(AMQChannel.java:140)
	at com.rabbitmq.client.impl.AMQChannel.wrap(AMQChannel.java:136)
	at com.rabbitmq.client.impl.AMQConnection.start(AMQConnection.java:406)
	at com.rabbitmq.client.ConnectionFactory.newConnection(ConnectionFactory.java:1251)
	at com.rabbitmq.client.ConnectionFactory.newConnection(ConnectionFactory.java:1198)
	at org.springframework.amqp.rabbit.connection.AbstractConnectionFactory.connectAddresses(AbstractConnectionFactory.java:678)
	at org.springframework.amqp.rabbit.connection.AbstractConnectionFactory.connect(AbstractConnectionFactory.java:647)
	at org.springframework.amqp.rabbit.connection.AbstractConnectionFactory.createBareConnection(AbstractConnectionFactory.java:593)
	... 10 common frames omitted
Caused by: com.rabbitmq.client.ShutdownSignalException: connection error
	at com.rabbitmq.utility.ValueOrException.getValue(ValueOrException.java:66)
	at com.rabbitmq.utility.BlockingValueOrException.uninterruptibleGetValue(BlockingValueOrException.java:36)
	at com.rabbitmq.client.impl.AMQChannel$BlockingRpcContinuation.getReply(AMQChannel.java:552)
	at com.rabbitmq.client.impl.AMQConnection.start(AMQConnection.java:336)
	... 15 common frames omitted
Caused by: java.io.EOFException
	at java.base/java.io.DataInputStream.readUnsignedByte(DataInputStream.java:297)
	at com.rabbitmq.client.impl.Frame.readFrom(Frame.java:91)
	at com.rabbitmq.client.impl.SocketFrameHandler.readFrame(SocketFrameHandler.java:199)
	at com.rabbitmq.client.impl.AMQConnection$MainLoop.run(AMQConnection.java:687)
	... 1 common frames omitted
2026-05-26 18:16:17 [org.springframework.amqp.rabbit.RabbitListenerEndpointContainer#0-13] INFO  o.s.a.r.l.SimpleMessageListenerContainer - Restarting Consumer@5bafa44a: tags=[[]], channel=null, acknowledgeMode=MANUAL local queue size=0
2026-05-26 18:16:17 [org.springframework.amqp.rabbit.RabbitListenerEndpointContainer#0-14] INFO  o.s.a.r.c.CachingConnectionFactory - Attempting to connect to: [localhost:5672]
2026-05-26 18:16:17 [org.springframework.amqp.rabbit.RabbitListenerEndpointContainer#0-14] ERROR o.s.a.r.l.SimpleMessageListenerContainer - Failed to check/redeclare auto-delete queue(s).
2026-05-26 18:16:17 [org.springframework.amqp.rabbit.RabbitListenerEndpointContainer#0-14] INFO  o.s.a.r.c.CachingConnectionFactory - Attempting to connect to: [localhost:5672]
2026-05-26 18:16:22 [org.springframework.amqp.rabbit.RabbitListenerEndpointContainer#0-14] WARN  o.s.a.r.l.SimpleMessageListenerContainer - Consumer raised exception, processing can restart if the connection factory supports it
org.springframework.amqp.AmqpIOException: java.io.IOException
	at org.springframework.amqp.rabbit.support.RabbitExceptionTranslator.convertRabbitAccessException(RabbitExceptionTranslator.java:70)
	at org.springframework.amqp.rabbit.connection.AbstractConnectionFactory.createBareConnection(AbstractConnectionFactory.java:632)
	at org.springframework.amqp.rabbit.connection.CachingConnectionFactory.createConnection(CachingConnectionFactory.java:726)
	at org.springframework.amqp.rabbit.connection.ConnectionFactoryUtils.createConnection(ConnectionFactoryUtils.java:257)
	at org.springframework.amqp.rabbit.connection.ConnectionFactoryUtils$RabbitResourceFactory.createConnection(ConnectionFactoryUtils.java:345)
	at org.springframework.amqp.rabbit.connection.ConnectionFactoryUtils.doGetTransactionalResourceHolder(ConnectionFactoryUtils.java:140)
	at org.springframework.amqp.rabbit.connection.ConnectionFactoryUtils.getTransactionalResourceHolder(ConnectionFactoryUtils.java:102)
	at org.springframework.amqp.rabbit.connection.ConnectionFactoryUtils.getTransactionalResourceHolder(ConnectionFactoryUtils.java:85)
	at org.springframework.amqp.rabbit.listener.BlockingQueueConsumer.start(BlockingQueueConsumer.java:625)
	at org.springframework.amqp.rabbit.listener.SimpleMessageListenerContainer$AsyncMessageProcessingConsumer.initialize(SimpleMessageListenerContainer.java:1490)
	at org.springframework.amqp.rabbit.listener.SimpleMessageListenerContainer$AsyncMessageProcessingConsumer.run(SimpleMessageListenerContainer.java:1328)
	at java.base/java.lang.Thread.run(Thread.java:1583)
Caused by: java.io.IOException
	at com.rabbitmq.client.impl.AMQChannel.wrap(AMQChannel.java:140)
	at com.rabbitmq.client.impl.AMQChannel.wrap(AMQChannel.java:136)
	at com.rabbitmq.client.impl.AMQConnection.start(AMQConnection.java:406)
	at com.rabbitmq.client.ConnectionFactory.newConnection(ConnectionFactory.java:1251)
	at com.rabbitmq.client.ConnectionFactory.newConnection(ConnectionFactory.java:1198)
	at org.springframework.amqp.rabbit.connection.AbstractConnectionFactory.connectAddresses(AbstractConnectionFactory.java:678)
	at org.springframework.amqp.rabbit.connection.AbstractConnectionFactory.connect(AbstractConnectionFactory.java:647)
	at org.springframework.amqp.rabbit.connection.AbstractConnectionFactory.createBareConnection(AbstractConnectionFactory.java:593)
	... 10 common frames omitted
Caused by: com.rabbitmq.client.ShutdownSignalException: connection error
	at com.rabbitmq.utility.ValueOrException.getValue(ValueOrException.java:66)
	at com.rabbitmq.utility.BlockingValueOrException.uninterruptibleGetValue(BlockingValueOrException.java:36)
	at com.rabbitmq.client.impl.AMQChannel$BlockingRpcContinuation.getReply(AMQChannel.java:552)
	at com.rabbitmq.client.impl.AMQConnection.start(AMQConnection.java:336)
	... 15 common frames omitted
Caused by: java.io.EOFException
	at java.base/java.io.DataInputStream.readUnsignedByte(DataInputStream.java:297)
	at com.rabbitmq.client.impl.Frame.readFrom(Frame.java:91)
	at com.rabbitmq.client.impl.SocketFrameHandler.readFrame(SocketFrameHandler.java:199)
	at com.rabbitmq.client.impl.AMQConnection$MainLoop.run(AMQConnection.java:687)
	... 1 common frames omitted
2026-05-26 18:16:22 [org.springframework.amqp.rabbit.RabbitListenerEndpointContainer#0-14] INFO  o.s.a.r.l.SimpleMessageListenerContainer - Restarting Consumer@25045cd6: tags=[[]], channel=null, acknowledgeMode=MANUAL local queue size=0
2026-05-26 18:16:22 [org.springframework.amqp.rabbit.RabbitListenerEndpointContainer#0-15] INFO  o.s.a.r.c.CachingConnectionFactory - Attempting to connect to: [localhost:5672]
2026-05-26 18:16:22 [org.springframework.amqp.rabbit.RabbitListenerEndpointContainer#0-15] ERROR o.s.a.r.l.SimpleMessageListenerContainer - Failed to check/redeclare auto-delete queue(s).
2026-05-26 18:16:22 [org.springframework.amqp.rabbit.RabbitListenerEndpointContainer#0-15] INFO  o.s.a.r.c.CachingConnectionFactory - Attempting to connect to: [localhost:5672]
2026-05-26 18:16:28 [org.springframework.amqp.rabbit.RabbitListenerEndpointContainer#0-15] WARN  o.s.a.r.l.SimpleMessageListenerContainer - Consumer raised exception, processing can restart if the connection factory supports it
org.springframework.amqp.AmqpIOException: java.io.IOException
	at org.springframework.amqp.rabbit.support.RabbitExceptionTranslator.convertRabbitAccessException(RabbitExceptionTranslator.java:70)
	at org.springframework.amqp.rabbit.connection.AbstractConnectionFactory.createBareConnection(AbstractConnectionFactory.java:632)
	at org.springframework.amqp.rabbit.connection.CachingConnectionFactory.createConnection(CachingConnectionFactory.java:726)
	at org.springframework.amqp.rabbit.connection.ConnectionFactoryUtils.createConnection(ConnectionFactoryUtils.java:257)
	at org.springframework.amqp.rabbit.connection.ConnectionFactoryUtils$RabbitResourceFactory.createConnection(ConnectionFactoryUtils.java:345)
	at org.springframework.amqp.rabbit.connection.ConnectionFactoryUtils.doGetTransactionalResourceHolder(ConnectionFactoryUtils.java:140)
	at org.springframework.amqp.rabbit.connection.ConnectionFactoryUtils.getTransactionalResourceHolder(ConnectionFactoryUtils.java:102)
	at org.springframework.amqp.rabbit.connection.ConnectionFactoryUtils.getTransactionalResourceHolder(ConnectionFactoryUtils.java:85)
	at org.springframework.amqp.rabbit.listener.BlockingQueueConsumer.start(BlockingQueueConsumer.java:625)
	at org.springframework.amqp.rabbit.listener.SimpleMessageListenerContainer$AsyncMessageProcessingConsumer.initialize(SimpleMessageListenerContainer.java:1490)
	at org.springframework.amqp.rabbit.listener.SimpleMessageListenerContainer$AsyncMessageProcessingConsumer.run(SimpleMessageListenerContainer.java:1328)
	at java.base/java.lang.Thread.run(Thread.java:1583)
Caused by: java.io.IOException
	at com.rabbitmq.client.impl.AMQChannel.wrap(AMQChannel.java:140)
	at com.rabbitmq.client.impl.AMQChannel.wrap(AMQChannel.java:136)
	at com.rabbitmq.client.impl.AMQConnection.start(AMQConnection.java:406)
	at com.rabbitmq.client.ConnectionFactory.newConnection(ConnectionFactory.java:1251)
	at com.rabbitmq.client.ConnectionFactory.newConnection(ConnectionFactory.java:1198)
	at org.springframework.amqp.rabbit.connection.AbstractConnectionFactory.connectAddresses(AbstractConnectionFactory.java:678)
	at org.springframework.amqp.rabbit.connection.AbstractConnectionFactory.connect(AbstractConnectionFactory.java:647)
	at org.springframework.amqp.rabbit.connection.AbstractConnectionFactory.createBareConnection(AbstractConnectionFactory.java:593)
	... 10 common frames omitted
Caused by: com.rabbitmq.client.ShutdownSignalException: connection error
	at com.rabbitmq.utility.ValueOrException.getValue(ValueOrException.java:66)
	at com.rabbitmq.utility.BlockingValueOrException.uninterruptibleGetValue(BlockingValueOrException.java:36)
	at com.rabbitmq.client.impl.AMQChannel$BlockingRpcContinuation.getReply(AMQChannel.java:552)
	at com.rabbitmq.client.impl.AMQConnection.start(AMQConnection.java:336)
	... 15 common frames omitted
Caused by: java.io.EOFException
	at java.base/java.io.DataInputStream.readUnsignedByte(DataInputStream.java:297)
	at com.rabbitmq.client.impl.Frame.readFrom(Frame.java:91)
	at com.rabbitmq.client.impl.SocketFrameHandler.readFrame(SocketFrameHandler.java:199)
	at com.rabbitmq.client.impl.AMQConnection$MainLoop.run(AMQConnection.java:687)
	... 1 common frames omitted
2026-05-26 18:16:28 [org.springframework.amqp.rabbit.RabbitListenerEndpointContainer#0-15] INFO  o.s.a.r.l.SimpleMessageListenerContainer - Restarting Consumer@7d51c700: tags=[[]], channel=null, acknowledgeMode=MANUAL local queue size=0
2026-05-26 18:16:28 [org.springframework.amqp.rabbit.RabbitListenerEndpointContainer#0-16] INFO  o.s.a.r.c.CachingConnectionFactory - Attempting to connect to: [localhost:5672]
2026-05-26 18:16:28 [org.springframework.amqp.rabbit.RabbitListenerEndpointContainer#0-16] ERROR o.s.a.r.l.SimpleMessageListenerContainer - Failed to check/redeclare auto-delete queue(s).
2026-05-26 18:16:28 [org.springframework.amqp.rabbit.RabbitListenerEndpointContainer#0-16] INFO  o.s.a.r.c.CachingConnectionFactory - Attempting to connect to: [localhost:5672]
2026-05-26 18:16:30 [org.springframework.amqp.rabbit.RabbitListenerEndpointContainer#0-17] INFO  o.s.a.r.l.SimpleMessageListenerContainer - Waiting for workers to finish.
2026-05-26 18:16:30 [org.springframework.amqp.rabbit.RabbitListenerEndpointContainer#0-17] INFO  o.s.a.r.l.SimpleMessageListenerContainer - Successfully waited for workers to finish.
2026-05-26 18:16:30 [SpringApplicationShutdownHook] INFO  o.s.b.w.e.tomcat.GracefulShutdown - Commencing graceful shutdown. Waiting for active requests to complete
2026-05-26 18:16:30 [tomcat-shutdown] INFO  o.s.b.w.e.tomcat.GracefulShutdown - Graceful shutdown complete
2026-05-26 18:16:31 [org.springframework.amqp.rabbit.RabbitListenerEndpointContainer#0-16] WARN  o.s.a.r.l.SimpleMessageListenerContainer - Consumer raised exception, processing can restart if the connection factory supports it
org.springframework.amqp.AmqpIOException: java.io.IOException
	at org.springframework.amqp.rabbit.support.RabbitExceptionTranslator.convertRabbitAccessException(RabbitExceptionTranslator.java:70)
	at org.springframework.amqp.rabbit.connection.AbstractConnectionFactory.createBareConnection(AbstractConnectionFactory.java:632)
	at org.springframework.amqp.rabbit.connection.CachingConnectionFactory.createConnection(CachingConnectionFactory.java:726)
	at org.springframework.amqp.rabbit.connection.ConnectionFactoryUtils.createConnection(ConnectionFactoryUtils.java:257)
	at org.springframework.amqp.rabbit.connection.ConnectionFactoryUtils$RabbitResourceFactory.createConnection(ConnectionFactoryUtils.java:345)
	at org.springframework.amqp.rabbit.connection.ConnectionFactoryUtils.doGetTransactionalResourceHolder(ConnectionFactoryUtils.java:140)
	at org.springframework.amqp.rabbit.connection.ConnectionFactoryUtils.getTransactionalResourceHolder(ConnectionFactoryUtils.java:102)
	at org.springframework.amqp.rabbit.connection.ConnectionFactoryUtils.getTransactionalResourceHolder(ConnectionFactoryUtils.java:85)
	at org.springframework.amqp.rabbit.listener.BlockingQueueConsumer.start(BlockingQueueConsumer.java:625)
	at org.springframework.amqp.rabbit.listener.SimpleMessageListenerContainer$AsyncMessageProcessingConsumer.initialize(SimpleMessageListenerContainer.java:1490)
	at org.springframework.amqp.rabbit.listener.SimpleMessageListenerContainer$AsyncMessageProcessingConsumer.run(SimpleMessageListenerContainer.java:1328)
	at java.base/java.lang.Thread.run(Thread.java:1583)
Caused by: java.io.IOException
	at com.rabbitmq.client.impl.AMQChannel.wrap(AMQChannel.java:140)
	at com.rabbitmq.client.impl.AMQChannel.wrap(AMQChannel.java:136)
	at com.rabbitmq.client.impl.AMQConnection.start(AMQConnection.java:406)
	at com.rabbitmq.client.ConnectionFactory.newConnection(ConnectionFactory.java:1251)
	at com.rabbitmq.client.ConnectionFactory.newConnection(ConnectionFactory.java:1198)
	at org.springframework.amqp.rabbit.connection.AbstractConnectionFactory.connectAddresses(AbstractConnectionFactory.java:678)
	at org.springframework.amqp.rabbit.connection.AbstractConnectionFactory.connect(AbstractConnectionFactory.java:647)
	at org.springframework.amqp.rabbit.connection.AbstractConnectionFactory.createBareConnection(AbstractConnectionFactory.java:593)
	... 10 common frames omitted
Caused by: com.rabbitmq.client.ShutdownSignalException: connection error
	at com.rabbitmq.utility.ValueOrException.getValue(ValueOrException.java:66)
	at com.rabbitmq.utility.BlockingValueOrException.uninterruptibleGetValue(BlockingValueOrException.java:36)
	at com.rabbitmq.client.impl.AMQChannel$BlockingRpcContinuation.getReply(AMQChannel.java:552)
	at com.rabbitmq.client.impl.AMQConnection.start(AMQConnection.java:336)
	... 15 common frames omitted
Caused by: java.io.EOFException
	at java.base/java.io.DataInputStream.readUnsignedByte(DataInputStream.java:297)
	at com.rabbitmq.client.impl.Frame.readFrom(Frame.java:91)
	at com.rabbitmq.client.impl.SocketFrameHandler.readFrame(SocketFrameHandler.java:199)
	at com.rabbitmq.client.impl.AMQConnection$MainLoop.run(AMQConnection.java:687)
	... 1 common frames omitted
2026-05-26 18:16:31 [SpringApplicationShutdownHook] INFO  o.s.o.j.LocalContainerEntityManagerFactoryBean - Closing JPA EntityManagerFactory for persistence unit 'default'
2026-05-26 18:16:31 [SpringApplicationShutdownHook] INFO  com.zaxxer.hikari.HikariDataSource - HikariPool-1 - Shutdown initiated...
2026-05-26 18:16:31 [SpringApplicationShutdownHook] INFO  com.zaxxer.hikari.HikariDataSource - HikariPool-1 - Shutdown completed.
2026-05-26 18:16:37 [background-preinit] INFO  o.h.validator.internal.util.Version - HV000001: Hibernate Validator 8.0.3.Final
2026-05-26 18:16:37 [main] INFO  o.m.OrionpayMerchantServiceApplication - Starting OrionpayMerchantServiceApplication using Java 21.0.10 with PID 7768 (C:\Users\chico\Github\projects\github\orionpay-merchant-service\target\classes started by chico in C:\Users\chico\Github\projects\github\orionpay-merchant-service)
2026-05-26 18:16:37 [main] INFO  o.m.OrionpayMerchantServiceApplication - The following 1 profile is active: "local"
2026-05-26 18:16:38 [main] INFO  o.s.d.r.c.RepositoryConfigurationDelegate - Multiple Spring Data modules found, entering strict repository configuration mode
2026-05-26 18:16:38 [main] INFO  o.s.d.r.c.RepositoryConfigurationDelegate - Bootstrapping Spring Data JPA repositories in DEFAULT mode.
2026-05-26 18:16:38 [main] INFO  o.s.d.r.c.RepositoryConfigurationDelegate - Finished Spring Data repository scanning in 190 ms. Found 15 JPA repository interfaces.
2026-05-26 18:16:39 [main] INFO  o.s.d.r.c.RepositoryConfigurationDelegate - Multiple Spring Data modules found, entering strict repository configuration mode
2026-05-26 18:16:39 [main] INFO  o.s.d.r.c.RepositoryConfigurationDelegate - Bootstrapping Spring Data Redis repositories in DEFAULT mode.
2026-05-26 18:16:39 [main] INFO  o.s.d.r.c.RepositoryConfigurationExtensionSupport - Spring Data Redis - Could not safely identify store assignment for repository candidate interface orionpay.merchant.infrastructure.adapters.output.persistence.reposittory.JpaAuditLogRepository; If you want this repository to be a Redis repository, consider annotating your entities with one of these annotations: org.springframework.data.redis.core.RedisHash (preferred), or consider extending one of the following types with your repository: org.springframework.data.keyvalue.repository.KeyValueRepository
2026-05-26 18:16:39 [main] INFO  o.s.d.r.c.RepositoryConfigurationExtensionSupport - Spring Data Redis - Could not safely identify store assignment for repository candidate interface orionpay.merchant.infrastructure.adapters.output.persistence.reposittory.JpaAuthUserRepository; If you want this repository to be a Redis repository, consider annotating your entities with one of these annotations: org.springframework.data.redis.core.RedisHash (preferred), or consider extending one of the following types with your repository: org.springframework.data.keyvalue.repository.KeyValueRepository
2026-05-26 18:16:39 [main] INFO  o.s.d.r.c.RepositoryConfigurationExtensionSupport - Spring Data Redis - Could not safely identify store assignment for repository candidate interface orionpay.merchant.infrastructure.adapters.output.persistence.reposittory.JpaDailySummaryRepository; If you want this repository to be a Redis repository, consider annotating your entities with one of these annotations: org.springframework.data.redis.core.RedisHash (preferred), or consider extending one of the following types with your repository: org.springframework.data.keyvalue.repository.KeyValueRepository
2026-05-26 18:16:39 [main] INFO  o.s.d.r.c.RepositoryConfigurationExtensionSupport - Spring Data Redis - Could not safely identify store assignment for repository candidate interface orionpay.merchant.infrastructure.adapters.output.persistence.reposittory.JpaJournalRepository; If you want this repository to be a Redis repository, consider annotating your entities with one of these annotations: org.springframework.data.redis.core.RedisHash (preferred), or consider extending one of the following types with your repository: org.springframework.data.keyvalue.repository.KeyValueRepository
2026-05-26 18:16:39 [main] INFO  o.s.d.r.c.RepositoryConfigurationExtensionSupport - Spring Data Redis - Could not safely identify store assignment for repository candidate interface orionpay.merchant.infrastructure.adapters.output.persistence.reposittory.JpaLedgerAccountRepository; If you want this repository to be a Redis repository, consider annotating your entities with one of these annotations: org.springframework.data.redis.core.RedisHash (preferred), or consider extending one of the following types with your repository: org.springframework.data.keyvalue.repository.KeyValueRepository
2026-05-26 18:16:39 [main] INFO  o.s.d.r.c.RepositoryConfigurationExtensionSupport - Spring Data Redis - Could not safely identify store assignment for repository candidate interface orionpay.merchant.infrastructure.adapters.output.persistence.reposittory.JpaLedgerEntryRepository; If you want this repository to be a Redis repository, consider annotating your entities with one of these annotations: org.springframework.data.redis.core.RedisHash (preferred), or consider extending one of the following types with your repository: org.springframework.data.keyvalue.repository.KeyValueRepository
2026-05-26 18:16:39 [main] INFO  o.s.d.r.c.RepositoryConfigurationExtensionSupport - Spring Data Redis - Could not safely identify store assignment for repository candidate interface orionpay.merchant.infrastructure.adapters.output.persistence.reposittory.JpaMerchantRepository; If you want this repository to be a Redis repository, consider annotating your entities with one of these annotations: org.springframework.data.redis.core.RedisHash (preferred), or consider extending one of the following types with your repository: org.springframework.data.keyvalue.repository.KeyValueRepository
2026-05-26 18:16:39 [main] INFO  o.s.d.r.c.RepositoryConfigurationExtensionSupport - Spring Data Redis - Could not safely identify store assignment for repository candidate interface orionpay.merchant.infrastructure.adapters.output.persistence.reposittory.JpaOutboxRepository; If you want this repository to be a Redis repository, consider annotating your entities with one of these annotations: org.springframework.data.redis.core.RedisHash (preferred), or consider extending one of the following types with your repository: org.springframework.data.keyvalue.repository.KeyValueRepository
2026-05-26 18:16:39 [main] INFO  o.s.d.r.c.RepositoryConfigurationExtensionSupport - Spring Data Redis - Could not safely identify store assignment for repository candidate interface orionpay.merchant.infrastructure.adapters.output.persistence.reposittory.JpaPayoutRepository; If you want this repository to be a Redis repository, consider annotating your entities with one of these annotations: org.springframework.data.redis.core.RedisHash (preferred), or consider extending one of the following types with your repository: org.springframework.data.keyvalue.repository.KeyValueRepository
2026-05-26 18:16:39 [main] INFO  o.s.d.r.c.RepositoryConfigurationExtensionSupport - Spring Data Redis - Could not safely identify store assignment for repository candidate interface orionpay.merchant.infrastructure.adapters.output.persistence.reposittory.JpaPricingRepository; If you want this repository to be a Redis repository, consider annotating your entities with one of these annotations: org.springframework.data.redis.core.RedisHash (preferred), or consider extending one of the following types with your repository: org.springframework.data.keyvalue.repository.KeyValueRepository
2026-05-26 18:16:39 [main] INFO  o.s.d.r.c.RepositoryConfigurationExtensionSupport - Spring Data Redis - Could not safely identify store assignment for repository candidate interface orionpay.merchant.infrastructure.adapters.output.persistence.reposittory.JpaRefreshTokenRepository; If you want this repository to be a Redis repository, consider annotating your entities with one of these annotations: org.springframework.data.redis.core.RedisHash (preferred), or consider extending one of the following types with your repository: org.springframework.data.keyvalue.repository.KeyValueRepository
2026-05-26 18:16:39 [main] INFO  o.s.d.r.c.RepositoryConfigurationExtensionSupport - Spring Data Redis - Could not safely identify store assignment for repository candidate interface orionpay.merchant.infrastructure.adapters.output.persistence.reposittory.JpaSettlementEntryRepository; If you want this repository to be a Redis repository, consider annotating your entities with one of these annotations: org.springframework.data.redis.core.RedisHash (preferred), or consider extending one of the following types with your repository: org.springframework.data.keyvalue.repository.KeyValueRepository
2026-05-26 18:16:39 [main] INFO  o.s.d.r.c.RepositoryConfigurationExtensionSupport - Spring Data Redis - Could not safely identify store assignment for repository candidate interface orionpay.merchant.infrastructure.adapters.output.persistence.reposittory.JpaTerminalRepository; If you want this repository to be a Redis repository, consider annotating your entities with one of these annotations: org.springframework.data.redis.core.RedisHash (preferred), or consider extending one of the following types with your repository: org.springframework.data.keyvalue.repository.KeyValueRepository
2026-05-26 18:16:39 [main] INFO  o.s.d.r.c.RepositoryConfigurationExtensionSupport - Spring Data Redis - Could not safely identify store assignment for repository candidate interface orionpay.merchant.infrastructure.adapters.output.persistence.reposittory.JpaTransactionRepository; If you want this repository to be a Redis repository, consider annotating your entities with one of these annotations: org.springframework.data.redis.core.RedisHash (preferred), or consider extending one of the following types with your repository: org.springframework.data.keyvalue.repository.KeyValueRepository
2026-05-26 18:16:39 [main] INFO  o.s.d.r.c.RepositoryConfigurationExtensionSupport - Spring Data Redis - Could not safely identify store assignment for repository candidate interface orionpay.merchant.infrastructure.adapters.output.persistence.TransactionRepository; If you want this repository to be a Redis repository, consider annotating your entities with one of these annotations: org.springframework.data.redis.core.RedisHash (preferred), or consider extending one of the following types with your repository: org.springframework.data.keyvalue.repository.KeyValueRepository
2026-05-26 18:16:39 [main] INFO  o.s.d.r.c.RepositoryConfigurationDelegate - Finished Spring Data repository scanning in 38 ms. Found 0 Redis repository interfaces.
2026-05-26 18:16:40 [main] INFO  o.s.b.w.e.tomcat.TomcatWebServer - Tomcat initialized with port 8085 (http)
2026-05-26 18:16:40 [main] INFO  o.a.coyote.http11.Http11NioProtocol - Initializing ProtocolHandler ["http-nio-0.0.0.0-8085"]
2026-05-26 18:16:40 [main] INFO  o.a.catalina.core.StandardService - Starting service [Tomcat]
2026-05-26 18:16:40 [main] INFO  o.a.catalina.core.StandardEngine - Starting Servlet engine: [Apache Tomcat/10.1.52]
2026-05-26 18:16:40 [main] INFO  o.a.c.c.C.[Tomcat].[localhost].[/] - Initializing Spring embedded WebApplicationContext
2026-05-26 18:16:40 [main] INFO  o.s.b.w.s.c.ServletWebServerApplicationContext - Root WebApplicationContext: initialization completed in 3302 ms
2026-05-26 18:16:41 [main] INFO  o.h.jpa.internal.util.LogHelper - HHH000204: Processing PersistenceUnitInfo [name: default]
2026-05-26 18:16:41 [main] INFO  org.hibernate.Version - HHH000412: Hibernate ORM core version 6.6.42.Final
2026-05-26 18:16:41 [main] INFO  o.h.c.i.RegionFactoryInitiator - HHH000026: Second-level cache disabled
2026-05-26 18:16:41 [main] INFO  o.s.o.j.p.SpringPersistenceUnitInfo - No LoadTimeWeaver setup: ignoring JPA class transformer
2026-05-26 18:16:41 [main] INFO  com.zaxxer.hikari.HikariDataSource - HikariPool-1 - Starting...
2026-05-26 18:16:41 [main] INFO  com.zaxxer.hikari.pool.HikariPool - HikariPool-1 - Added connection org.postgresql.jdbc.PgConnection@c6d7256
2026-05-26 18:16:41 [main] INFO  com.zaxxer.hikari.HikariDataSource - HikariPool-1 - Start completed.
2026-05-26 18:16:42 [main] INFO  o.hibernate.orm.connections.pooling - HHH10001005: Database info:
	Database JDBC URL [Connecting through datasource 'HikariDataSource (HikariPool-1)']
	Database driver: undefined/unknown
	Database version: 18.2
	Autocommit mode: undefined/unknown
	Isolation level: undefined/unknown
	Minimum pool size: undefined/unknown
	Maximum pool size: undefined/unknown
2026-05-26 18:16:43 [main] INFO  o.h.e.t.j.p.i.JtaPlatformInitiator - HHH000489: No JTA platform available (set 'hibernate.transaction.jta.platform' to enable JTA platform integration)
2026-05-26 18:16:43 [main] INFO  o.s.o.j.LocalContainerEntityManagerFactoryBean - Initialized JPA EntityManagerFactory for persistence unit 'default'
2026-05-26 18:16:44 [main] INFO  o.s.d.j.r.query.QueryEnhancerFactory - Hibernate is in classpath; If applicable, HQL parser will be used.
2026-05-26 18:16:46 [main] INFO  o.s.s.c.a.a.c.InitializeAuthenticationProviderBeanManagerConfigurer$InitializeAuthenticationProviderManagerConfigurer - Global AuthenticationManager configured with AuthenticationProvider bean with name authenticationProvider
2026-05-26 18:16:46 [main] WARN  o.s.s.c.a.a.c.InitializeUserDetailsBeanManagerConfigurer$InitializeUserDetailsManagerConfigurer - Global AuthenticationManager configured with an AuthenticationProvider bean. UserDetailsService beans will not be used by Spring Security for automatically configuring username/password login. Consider removing the AuthenticationProvider bean. Alternatively, consider using the UserDetailsService in a manually instantiated DaoAuthenticationProvider. If the current configuration is intentional, to turn off this warning, increase the logging level of 'org.springframework.security.config.annotation.authentication.configuration.InitializeUserDetailsBeanManagerConfigurer' to ERROR
2026-05-26 18:16:46 [main] INFO  n.d.b.g.c.a.GrpcClientAutoConfiguration - Detected grpc-netty-shaded: Creating ShadedNettyChannelFactory + InProcessChannelFactory
2026-05-26 18:16:48 [main] INFO  o.m.i.a.o.p.RedisHealthCheck - Testando conexão com Redis...
2026-05-26 18:16:48 [main] INFO  o.m.i.a.o.p.RedisHealthCheck - Escrita no Redis: OK
2026-05-26 18:16:49 [main] INFO  o.m.i.a.o.p.RedisHealthCheck - Leitura no Redis: OK. Valor recuperado: Redis está UP! 2026-05-26T18:16:48.567182
2026-05-26 18:16:49 [main] INFO  o.m.i.a.o.p.RedisHealthCheck - Deleção no Redis: OK
2026-05-26 18:16:49 [main] INFO  o.m.i.a.o.p.RedisHealthCheck - ✅ Conexão com Redis estabelecida com sucesso!
2026-05-26 18:16:49 [main] WARN  o.s.b.a.o.j.JpaBaseConfiguration$JpaWebConfiguration - spring.jpa.open-in-view is enabled by default. Therefore, database queries may be performed during view rendering. Explicitly configure spring.jpa.open-in-view to disable this warning
2026-05-26 18:16:50 [main] INFO  o.a.coyote.http11.Http11NioProtocol - Starting ProtocolHandler ["http-nio-0.0.0.0-8085"]
2026-05-26 18:16:51 [main] INFO  o.s.b.w.e.tomcat.TomcatWebServer - Tomcat started on port 8085 (http) with context path '/'
2026-05-26 18:16:51 [main] INFO  o.s.a.r.c.CachingConnectionFactory - Attempting to connect to: [localhost:5672]
2026-05-26 18:16:51 [main] INFO  o.s.a.r.c.CachingConnectionFactory - Created new connection: rabbitConnectionFactory#166872e0:0/SimpleConnection@64db6fdb [delegate=amqp://admin@127.0.0.1:5672/, localPort=60102]
2026-05-26 18:16:51 [main] INFO  o.m.OrionpayMerchantServiceApplication - Started OrionpayMerchantServiceApplication in 15.085 seconds (process running for 16.637)
2026-05-26 18:18:25 [http-nio-0.0.0.0-8085-exec-2] INFO  o.a.c.c.C.[Tomcat].[localhost].[/] - Initializing Spring DispatcherServlet 'dispatcherServlet'
2026-05-26 18:18:25 [http-nio-0.0.0.0-8085-exec-2] INFO  o.s.web.servlet.DispatcherServlet - Initializing Servlet 'dispatcherServlet'
2026-05-26 18:18:25 [http-nio-0.0.0.0-8085-exec-2] INFO  o.s.web.servlet.DispatcherServlet - Completed initialization in 2 ms
2026-05-26 18:18:26 [http-nio-0.0.0.0-8085-exec-1] INFO  o.m.d.service.IdempotencyService - Chave de idempotência bloqueada: 57b6ace7-ba3d-4166-b430-3100fb5579c9
2026-05-26 18:18:26 [http-nio-0.0.0.0-8085-exec-1] INFO  o.m.d.s.AuthorizeTransactionUseCase - Iniciando autorização de transação para o merchantId: 0f6ac19c-1bc2-43f8-a289-d0cf39615f02 | Valor: 1.23
2026-05-26 18:18:26 [http-nio-0.0.0.0-8085-exec-1] INFO  o.m.d.s.AuthorizeTransactionUseCase - Enviando transação para o Switch gRPC. TransactionId: e2494010-ebd2-4f56-bb76-a02c76a53c97
2026-05-26 18:18:26 [http-nio-0.0.0.0-8085-exec-1] INFO  o.m.i.a.o.g.AcquiringSwitchGrpcAdapter - Sending gRPC AuthorizeRequest to switch: {"id":"e2494010-ebd2-4f56-bb76-a02c76a53c97","merchantId":"0f6ac19c-1bc2-43f8-a289-d0cf39615f02","terminalId":"POS-ORION-992","amount":"123","pinBlockTerminal":"1234567890ABCDEF","panMasked":"435087******2776"}
2026-05-26 18:18:26 [http-nio-0.0.0.0-8085-exec-1] WARN  o.m.d.s.AuthorizeTransactionUseCase - Transação negada pelo autorizador. Código: 96
2026-05-26 18:18:26 [http-nio-0.0.0.0-8085-exec-1] ERROR o.m.d.s.AuthorizeTransactionUseCase - Erro inesperado ao autorizar transação para merchantId: 0f6ac19c-1bc2-43f8-a289-d0cf39615f02
orionpay.merchant.domain.excepion.DomainException: Transação negada pelo autorizador. Código: 96
	at orionpay.merchant.domain.service.AuthorizeTransactionUseCase.execute(AuthorizeTransactionUseCase.java:89)
	at java.base/jdk.internal.reflect.DirectMethodHandleAccessor.invoke(DirectMethodHandleAccessor.java:103)
	at java.base/java.lang.reflect.Method.invoke(Method.java:580)
	at org.springframework.aop.support.AopUtils.invokeJoinpointUsingReflection(AopUtils.java:360)
	at org.springframework.aop.framework.ReflectiveMethodInvocation.invokeJoinpoint(ReflectiveMethodInvocation.java:196)
	at org.springframework.aop.framework.ReflectiveMethodInvocation.proceed(ReflectiveMethodInvocation.java:163)
	at org.springframework.transaction.interceptor.TransactionAspectSupport.invokeWithinTransaction(TransactionAspectSupport.java:380)
	at org.springframework.transaction.interceptor.TransactionInterceptor.invoke(TransactionInterceptor.java:119)
	at org.springframework.aop.framework.ReflectiveMethodInvocation.proceed(ReflectiveMethodInvocation.java:184)
	at org.springframework.cache.interceptor.CacheInterceptor.lambda$invoke$0(CacheInterceptor.java:55)
	at org.springframework.cache.interceptor.CacheAspectSupport.invokeOperation(CacheAspectSupport.java:431)
	at org.springframework.cache.interceptor.CacheAspectSupport.evaluate(CacheAspectSupport.java:601)
	at org.springframework.cache.interceptor.CacheAspectSupport.execute(CacheAspectSupport.java:448)
	at org.springframework.cache.interceptor.CacheAspectSupport.execute(CacheAspectSupport.java:410)
	at org.springframework.cache.interceptor.CacheInterceptor.invoke(CacheInterceptor.java:65)
	at org.springframework.aop.framework.ReflectiveMethodInvocation.proceed(ReflectiveMethodInvocation.java:184)
	at org.springframework.aop.framework.CglibAopProxy$DynamicAdvisedInterceptor.intercept(CglibAopProxy.java:728)
	at orionpay.merchant.domain.service.AuthorizeTransactionUseCase$$SpringCGLIB$$0.execute(<generated>)
	at orionpay.merchant.infrastructure.adapters.input.rest.controller.TransactionController.authorize(TransactionController.java:38)
	at java.base/jdk.internal.reflect.DirectMethodHandleAccessor.invoke(DirectMethodHandleAccessor.java:103)
	at java.base/java.lang.reflect.Method.invoke(Method.java:580)
	at org.springframework.web.method.support.InvocableHandlerMethod.doInvoke(InvocableHandlerMethod.java:258)
	at org.springframework.web.method.support.InvocableHandlerMethod.invokeForRequest(InvocableHandlerMethod.java:191)
	at org.springframework.web.servlet.mvc.method.annotation.ServletInvocableHandlerMethod.invokeAndHandle(ServletInvocableHandlerMethod.java:118)
	at org.springframework.web.servlet.mvc.method.annotation.RequestMappingHandlerAdapter.invokeHandlerMethod(RequestMappingHandlerAdapter.java:991)
	at org.springframework.web.servlet.mvc.method.annotation.RequestMappingHandlerAdapter.handleInternal(RequestMappingHandlerAdapter.java:896)
	at org.springframework.web.servlet.mvc.method.AbstractHandlerMethodAdapter.handle(AbstractHandlerMethodAdapter.java:87)
	at org.springframework.web.servlet.DispatcherServlet.doDispatch(DispatcherServlet.java:1089)
	at org.springframework.web.servlet.DispatcherServlet.doService(DispatcherServlet.java:979)
	at org.springframework.web.servlet.FrameworkServlet.processRequest(FrameworkServlet.java:1014)
	at org.springframework.web.servlet.FrameworkServlet.doPost(FrameworkServlet.java:914)
	at jakarta.servlet.http.HttpServlet.service(HttpServlet.java:590)
	at org.springframework.web.servlet.FrameworkServlet.service(FrameworkServlet.java:885)
	at jakarta.servlet.http.HttpServlet.service(HttpServlet.java:658)
	at org.apache.catalina.core.ApplicationFilterChain.internalDoFilter(ApplicationFilterChain.java:193)
	at org.apache.catalina.core.ApplicationFilterChain.doFilter(ApplicationFilterChain.java:138)
	at org.apache.tomcat.websocket.server.WsFilter.doFilter(WsFilter.java:51)
	at org.apache.catalina.core.ApplicationFilterChain.internalDoFilter(ApplicationFilterChain.java:162)
	at org.apache.catalina.core.ApplicationFilterChain.doFilter(ApplicationFilterChain.java:138)
	at org.springframework.web.filter.OncePerRequestFilter.doFilter(OncePerRequestFilter.java:110)
	at org.apache.catalina.core.ApplicationFilterChain.internalDoFilter(ApplicationFilterChain.java:162)
	at org.apache.catalina.core.ApplicationFilterChain.doFilter(ApplicationFilterChain.java:138)
	at org.springframework.web.filter.CompositeFilter$VirtualFilterChain.doFilter(CompositeFilter.java:108)
	at org.springframework.web.filter.CompositeFilter$VirtualFilterChain.doFilter(CompositeFilter.java:108)
	at org.springframework.security.web.FilterChainProxy.lambda$doFilterInternal$3(FilterChainProxy.java:231)
	at org.springframework.security.web.FilterChainProxy$VirtualFilterChain.doFilter(FilterChainProxy.java:365)
	at org.springframework.security.web.access.intercept.AuthorizationFilter.doFilter(AuthorizationFilter.java:101)
	at org.springframework.security.web.FilterChainProxy$VirtualFilterChain.doFilter(FilterChainProxy.java:374)
	at org.springframework.security.web.access.ExceptionTranslationFilter.doFilter(ExceptionTranslationFilter.java:125)
	at org.springframework.security.web.access.ExceptionTranslationFilter.doFilter(ExceptionTranslationFilter.java:119)
	at org.springframework.security.web.FilterChainProxy$VirtualFilterChain.doFilter(FilterChainProxy.java:374)
	at org.springframework.security.web.session.SessionManagementFilter.doFilter(SessionManagementFilter.java:131)
	at org.springframework.security.web.session.SessionManagementFilter.doFilter(SessionManagementFilter.java:85)
	at org.springframework.security.web.FilterChainProxy$VirtualFilterChain.doFilter(FilterChainProxy.java:374)
	at org.springframework.security.web.authentication.AnonymousAuthenticationFilter.doFilter(AnonymousAuthenticationFilter.java:100)
	at org.springframework.security.web.FilterChainProxy$VirtualFilterChain.doFilter(FilterChainProxy.java:374)
	at org.springframework.security.web.servletapi.SecurityContextHolderAwareRequestFilter.doFilter(SecurityContextHolderAwareRequestFilter.java:179)
	at org.springframework.security.web.FilterChainProxy$VirtualFilterChain.doFilter(FilterChainProxy.java:374)
	at org.springframework.security.web.savedrequest.RequestCacheAwareFilter.doFilter(RequestCacheAwareFilter.java:63)
	at org.springframework.security.web.FilterChainProxy$VirtualFilterChain.doFilter(FilterChainProxy.java:374)
	at orionpay.merchant.config.JwtAuthenticationFilter.doFilterInternal(JwtAuthenticationFilter.java:55)
	at org.springframework.web.filter.OncePerRequestFilter.doFilter(OncePerRequestFilter.java:116)
	at org.springframework.security.web.FilterChainProxy$VirtualFilterChain.doFilter(FilterChainProxy.java:374)
	at org.springframework.web.filter.CorsFilter.doFilterInternal(CorsFilter.java:91)
	at org.springframework.web.filter.OncePerRequestFilter.doFilter(OncePerRequestFilter.java:116)
	at org.springframework.security.web.FilterChainProxy$VirtualFilterChain.doFilter(FilterChainProxy.java:374)
	at org.springframework.security.web.header.HeaderWriterFilter.doHeadersAfter(HeaderWriterFilter.java:90)
	at org.springframework.security.web.header.HeaderWriterFilter.doFilterInternal(HeaderWriterFilter.java:75)
	at org.springframework.web.filter.OncePerRequestFilter.doFilter(OncePerRequestFilter.java:116)
	at org.springframework.security.web.FilterChainProxy$VirtualFilterChain.doFilter(FilterChainProxy.java:374)
	at org.springframework.security.web.context.SecurityContextHolderFilter.doFilter(SecurityContextHolderFilter.java:82)
	at org.springframework.security.web.context.SecurityContextHolderFilter.doFilter(SecurityContextHolderFilter.java:69)
	at org.springframework.security.web.FilterChainProxy$VirtualFilterChain.doFilter(FilterChainProxy.java:374)
	at org.springframework.security.web.context.request.async.WebAsyncManagerIntegrationFilter.doFilterInternal(WebAsyncManagerIntegrationFilter.java:62)
	at org.springframework.web.filter.OncePerRequestFilter.doFilter(OncePerRequestFilter.java:116)
	at org.springframework.security.web.FilterChainProxy$VirtualFilterChain.doFilter(FilterChainProxy.java:374)
	at org.springframework.security.web.session.DisableEncodeUrlFilter.doFilterInternal(DisableEncodeUrlFilter.java:42)
	at org.springframework.web.filter.OncePerRequestFilter.doFilter(OncePerRequestFilter.java:116)
	at org.springframework.security.web.FilterChainProxy$VirtualFilterChain.doFilter(FilterChainProxy.java:374)
	at org.springframework.security.web.FilterChainProxy.doFilterInternal(FilterChainProxy.java:233)
	at org.springframework.security.web.FilterChainProxy.doFilter(FilterChainProxy.java:191)
	at org.springframework.web.filter.CompositeFilter$VirtualFilterChain.doFilter(CompositeFilter.java:113)
	at org.springframework.web.filter.ServletRequestPathFilter.doFilter(ServletRequestPathFilter.java:52)
	at org.springframework.web.filter.CompositeFilter$VirtualFilterChain.doFilter(CompositeFilter.java:113)
	at org.springframework.web.filter.CompositeFilter.doFilter(CompositeFilter.java:74)
	at org.springframework.security.config.annotation.web.configuration.WebSecurityConfiguration$CompositeFilterChainProxy.doFilter(WebSecurityConfiguration.java:319)
	at org.springframework.web.filter.CompositeFilter$VirtualFilterChain.doFilter(CompositeFilter.java:113)
	at org.springframework.web.servlet.handler.HandlerMappingIntrospector.lambda$createCacheFilter$4(HandlerMappingIntrospector.java:267)
	at org.springframework.web.filter.CompositeFilter$VirtualFilterChain.doFilter(CompositeFilter.java:113)
	at org.springframework.web.filter.CompositeFilter.doFilter(CompositeFilter.java:74)
	at org.springframework.security.config.annotation.web.configuration.WebMvcSecurityConfiguration$CompositeFilterChainProxy.doFilter(WebMvcSecurityConfiguration.java:240)
	at org.springframework.web.filter.DelegatingFilterProxy.invokeDelegate(DelegatingFilterProxy.java:362)
	at org.springframework.web.filter.DelegatingFilterProxy.doFilter(DelegatingFilterProxy.java:278)
	at org.apache.catalina.core.ApplicationFilterChain.internalDoFilter(ApplicationFilterChain.java:162)
	at org.apache.catalina.core.ApplicationFilterChain.doFilter(ApplicationFilterChain.java:138)
	at org.springframework.web.filter.RequestContextFilter.doFilterInternal(RequestContextFilter.java:100)
	at org.springframework.web.filter.OncePerRequestFilter.doFilter(OncePerRequestFilter.java:116)
	at org.apache.catalina.core.ApplicationFilterChain.internalDoFilter(ApplicationFilterChain.java:162)
	at org.apache.catalina.core.ApplicationFilterChain.doFilter(ApplicationFilterChain.java:138)
	at org.springframework.web.filter.FormContentFilter.doFilterInternal(FormContentFilter.java:93)
	at org.springframework.web.filter.OncePerRequestFilter.doFilter(OncePerRequestFilter.java:116)
	at org.apache.catalina.core.ApplicationFilterChain.internalDoFilter(ApplicationFilterChain.java:162)
	at org.apache.catalina.core.ApplicationFilterChain.doFilter(ApplicationFilterChain.java:138)
	at org.springframework.session.web.http.SessionRepositoryFilter.doFilterInternal(SessionRepositoryFilter.java:142)
	at org.springframework.session.web.http.OncePerRequestFilter.doFilter(OncePerRequestFilter.java:82)
	at org.springframework.web.filter.DelegatingFilterProxy.invokeDelegate(DelegatingFilterProxy.java:362)
	at org.springframework.web.filter.DelegatingFilterProxy.doFilter(DelegatingFilterProxy.java:278)
	at org.apache.catalina.core.ApplicationFilterChain.internalDoFilter(ApplicationFilterChain.java:162)
	at org.apache.catalina.core.ApplicationFilterChain.doFilter(ApplicationFilterChain.java:138)
	at org.springframework.web.filter.CharacterEncodingFilter.doFilterInternal(CharacterEncodingFilter.java:201)
	at org.springframework.web.filter.OncePerRequestFilter.doFilter(OncePerRequestFilter.java:116)
	at org.apache.catalina.core.ApplicationFilterChain.internalDoFilter(ApplicationFilterChain.java:162)
	at org.apache.catalina.core.ApplicationFilterChain.doFilter(ApplicationFilterChain.java:138)
	at org.apache.catalina.core.StandardWrapperValve.invoke(StandardWrapperValve.java:165)
	at org.apache.catalina.core.StandardContextValve.invoke(StandardContextValve.java:88)
	at org.apache.catalina.authenticator.AuthenticatorBase.invoke(AuthenticatorBase.java:492)
	at org.apache.catalina.core.StandardHostValve.invoke(StandardHostValve.java:113)
	at org.apache.catalina.valves.ErrorReportValve.invoke(ErrorReportValve.java:83)
	at org.apache.catalina.core.StandardEngineValve.invoke(StandardEngineValve.java:72)
	at org.apache.catalina.connector.CoyoteAdapter.service(CoyoteAdapter.java:342)
	at org.apache.coyote.http11.Http11Processor.service(Http11Processor.java:399)
	at org.apache.coyote.AbstractProcessorLight.process(AbstractProcessorLight.java:63)
	at org.apache.coyote.AbstractProtocol$ConnectionHandler.process(AbstractProtocol.java:903)
	at org.apache.tomcat.util.net.NioEndpoint$SocketProcessor.doRun(NioEndpoint.java:1775)
	at org.apache.tomcat.util.net.SocketProcessorBase.run(SocketProcessorBase.java:52)
	at org.apache.tomcat.util.threads.ThreadPoolExecutor.runWorker(ThreadPoolExecutor.java:973)
	at org.apache.tomcat.util.threads.ThreadPoolExecutor$Worker.run(ThreadPoolExecutor.java:491)
	at org.apache.tomcat.util.threads.TaskThread$WrappingRunnable.run(TaskThread.java:63)
	at java.base/java.lang.Thread.run(Thread.java:1583)
2026-05-26 18:40:11 [http-nio-0.0.0.0-8085-exec-5] INFO  o.m.d.service.IdempotencyService - Chave de idempotência bloqueada: 789
2026-05-26 18:40:11 [http-nio-0.0.0.0-8085-exec-5] INFO  o.m.d.s.AuthorizeTransactionUseCase - Iniciando autorização de transação para o merchantId: 0f6ac19c-1bc2-43f8-a289-d0cf39615f02 | Valor: 1502.88
2026-05-26 18:40:11 [http-nio-0.0.0.0-8085-exec-5] INFO  o.m.d.s.AuthorizeTransactionUseCase - Enviando transação para o Switch gRPC. TransactionId: edb0dafe-a19b-4cc4-8e12-c19e7ca39175
2026-05-26 18:40:11 [http-nio-0.0.0.0-8085-exec-5] INFO  o.m.i.a.o.g.AcquiringSwitchGrpcAdapter - Sending gRPC AuthorizeRequest to switch: {"id":"edb0dafe-a19b-4cc4-8e12-c19e7ca39175","merchantId":"0f6ac19c-1bc2-43f8-a289-d0cf39615f02","terminalId":"POS-ORION-992","amount":"150288","pinBlockTerminal":"1234567890ABCDEF","panMasked":"230744******5223"}
2026-05-26 18:40:12 [http-nio-0.0.0.0-8085-exec-5] INFO  o.m.d.s.AuthorizeTransactionUseCase - Transação autorizada e persistida com sucesso. ID: edb0dafe-a19b-4cc4-8e12-c19e7ca39175 | NSU: 00
2026-05-26 18:40:12 [scheduling-1] INFO  o.m.i.a.output.messaging.OutboxRelay - Processando 1 eventos pendentes na Outbox...
2026-05-26 18:40:12 [org.springframework.amqp.rabbit.RabbitListenerEndpointContainer#0-1] INFO  o.m.domain.service.SettlementService - Iniciando orquestração de liquidação | Transação: edb0dafe-a19b-4cc4-8e12-c19e7ca39175
2026-05-26 18:40:12 [org.springframework.amqp.rabbit.RabbitListenerEndpointContainer#0-1] INFO  o.m.i.a.o.p.LedgerRepositoryAdapter - Lançamento de CREDIT registrado para a conta ACC-0F6AC19C [Journal: 0984286c-6058-4064-b4b2-db5d94de7840] | Disponível em: 2026-06-25T18:40:12.033161900
2026-05-26 18:40:12 [org.springframework.amqp.rabbit.RabbitListenerEndpointContainer#0-1] INFO  o.m.domain.service.SettlementService - Parcela 1 promovida para SCHEDULED via Ledger.
2026-05-26 18:40:12 [org.springframework.amqp.rabbit.RabbitListenerEndpointContainer#0-1] INFO  o.m.i.a.o.p.LedgerRepositoryAdapter - Lançamento de CREDIT registrado para a conta ACC-0F6AC19C [Journal: 0984286c-6058-4064-b4b2-db5d94de7840] | Disponível em: 2026-07-25T18:40:12.033161900
2026-05-26 18:40:12 [org.springframework.amqp.rabbit.RabbitListenerEndpointContainer#0-1] INFO  o.m.domain.service.SettlementService - Parcela 2 promovida para SCHEDULED via Ledger.
2026-05-26 18:40:12 [org.springframework.amqp.rabbit.RabbitListenerEndpointContainer#0-1] INFO  o.m.i.a.o.p.LedgerRepositoryAdapter - Lançamento de CREDIT registrado para a conta ACC-0F6AC19C [Journal: 0984286c-6058-4064-b4b2-db5d94de7840] | Disponível em: 2026-08-25T18:40:12.033161900
2026-05-26 18:40:12 [org.springframework.amqp.rabbit.RabbitListenerEndpointContainer#0-1] INFO  o.m.domain.service.SettlementService - Parcela 3 promovida para SCHEDULED via Ledger.
2026-05-26 18:40:12 [org.springframework.amqp.rabbit.RabbitListenerEndpointContainer#0-1] INFO  o.m.i.a.o.p.LedgerRepositoryAdapter - Lançamento de CREDIT registrado para a conta ACC-0F6AC19C [Journal: 0984286c-6058-4064-b4b2-db5d94de7840] | Disponível em: 2026-09-25T18:40:12.033161900
2026-05-26 18:40:12 [org.springframework.amqp.rabbit.RabbitListenerEndpointContainer#0-1] INFO  o.m.domain.service.SettlementService - Parcela 4 promovida para SCHEDULED via Ledger.
2026-05-26 18:40:12 [org.springframework.amqp.rabbit.RabbitListenerEndpointContainer#0-1] INFO  o.m.domain.service.SettlementService - Orquestração de liquidação finalizada com sucesso para transação: edb0dafe-a19b-4cc4-8e12-c19e7ca39175
2026-05-26 18:42:09 [http-nio-0.0.0.0-8085-exec-9] INFO  o.m.d.service.IdempotencyService - Chave de idempotência bloqueada: 467f67cf-1b3a-4844-b1a3-bfabdcbe4dc2
2026-05-26 18:42:09 [http-nio-0.0.0.0-8085-exec-9] INFO  o.m.d.s.AuthorizeTransactionUseCase - Iniciando autorização de transação para o merchantId: 0f6ac19c-1bc2-43f8-a289-d0cf39615f02 | Valor: 1.23
2026-05-26 18:42:09 [http-nio-0.0.0.0-8085-exec-9] INFO  o.m.d.s.AuthorizeTransactionUseCase - Enviando transação para o Switch gRPC. TransactionId: 71a3628e-6451-4125-8c04-a0d893a1d75b
2026-05-26 18:42:09 [http-nio-0.0.0.0-8085-exec-9] INFO  o.m.i.a.o.g.AcquiringSwitchGrpcAdapter - Sending gRPC AuthorizeRequest to switch: {"id":"71a3628e-6451-4125-8c04-a0d893a1d75b","merchantId":"0f6ac19c-1bc2-43f8-a289-d0cf39615f02","terminalId":"POS-ORION-992","amount":"123","pinBlockTerminal":"1234567890ABCDEF","panMasked":"435087******2776"}
2026-05-26 18:42:09 [http-nio-0.0.0.0-8085-exec-9] WARN  o.m.d.s.AuthorizeTransactionUseCase - Transação negada pelo autorizador. Código: 96
2026-05-26 18:42:09 [http-nio-0.0.0.0-8085-exec-9] ERROR o.m.d.s.AuthorizeTransactionUseCase - Erro inesperado ao autorizar transação para merchantId: 0f6ac19c-1bc2-43f8-a289-d0cf39615f02
orionpay.merchant.domain.excepion.DomainException: Transação negada pelo autorizador. Código: 96
	at orionpay.merchant.domain.service.AuthorizeTransactionUseCase.execute(AuthorizeTransactionUseCase.java:89)
	at java.base/jdk.internal.reflect.DirectMethodHandleAccessor.invoke(DirectMethodHandleAccessor.java:103)
	at java.base/java.lang.reflect.Method.invoke(Method.java:580)
	at org.springframework.aop.support.AopUtils.invokeJoinpointUsingReflection(AopUtils.java:360)
	at org.springframework.aop.framework.ReflectiveMethodInvocation.invokeJoinpoint(ReflectiveMethodInvocation.java:196)
	at org.springframework.aop.framework.ReflectiveMethodInvocation.proceed(ReflectiveMethodInvocation.java:163)
	at org.springframework.transaction.interceptor.TransactionAspectSupport.invokeWithinTransaction(TransactionAspectSupport.java:380)
	at org.springframework.transaction.interceptor.TransactionInterceptor.invoke(TransactionInterceptor.java:119)
	at org.springframework.aop.framework.ReflectiveMethodInvocation.proceed(ReflectiveMethodInvocation.java:184)
	at org.springframework.cache.interceptor.CacheInterceptor.lambda$invoke$0(CacheInterceptor.java:55)
	at org.springframework.cache.interceptor.CacheAspectSupport.invokeOperation(CacheAspectSupport.java:431)
	at org.springframework.cache.interceptor.CacheAspectSupport.evaluate(CacheAspectSupport.java:601)
	at org.springframework.cache.interceptor.CacheAspectSupport.execute(CacheAspectSupport.java:448)
	at org.springframework.cache.interceptor.CacheAspectSupport.execute(CacheAspectSupport.java:410)
	at org.springframework.cache.interceptor.CacheInterceptor.invoke(CacheInterceptor.java:65)
	at org.springframework.aop.framework.ReflectiveMethodInvocation.proceed(ReflectiveMethodInvocation.java:184)
	at org.springframework.aop.framework.CglibAopProxy$DynamicAdvisedInterceptor.intercept(CglibAopProxy.java:728)
	at orionpay.merchant.domain.service.AuthorizeTransactionUseCase$$SpringCGLIB$$0.execute(<generated>)
	at orionpay.merchant.infrastructure.adapters.input.rest.controller.TransactionController.authorize(TransactionController.java:38)
	at java.base/jdk.internal.reflect.DirectMethodHandleAccessor.invoke(DirectMethodHandleAccessor.java:103)
	at java.base/java.lang.reflect.Method.invoke(Method.java:580)
	at org.springframework.web.method.support.InvocableHandlerMethod.doInvoke(InvocableHandlerMethod.java:258)
	at org.springframework.web.method.support.InvocableHandlerMethod.invokeForRequest(InvocableHandlerMethod.java:191)
	at org.springframework.web.servlet.mvc.method.annotation.ServletInvocableHandlerMethod.invokeAndHandle(ServletInvocableHandlerMethod.java:118)
	at org.springframework.web.servlet.mvc.method.annotation.RequestMappingHandlerAdapter.invokeHandlerMethod(RequestMappingHandlerAdapter.java:991)
	at org.springframework.web.servlet.mvc.method.annotation.RequestMappingHandlerAdapter.handleInternal(RequestMappingHandlerAdapter.java:896)
	at org.springframework.web.servlet.mvc.method.AbstractHandlerMethodAdapter.handle(AbstractHandlerMethodAdapter.java:87)
	at org.springframework.web.servlet.DispatcherServlet.doDispatch(DispatcherServlet.java:1089)
	at org.springframework.web.servlet.DispatcherServlet.doService(DispatcherServlet.java:979)
	at org.springframework.web.servlet.FrameworkServlet.processRequest(FrameworkServlet.java:1014)
	at org.springframework.web.servlet.FrameworkServlet.doPost(FrameworkServlet.java:914)
	at jakarta.servlet.http.HttpServlet.service(HttpServlet.java:590)
	at org.springframework.web.servlet.FrameworkServlet.service(FrameworkServlet.java:885)
	at jakarta.servlet.http.HttpServlet.service(HttpServlet.java:658)
	at org.apache.catalina.core.ApplicationFilterChain.internalDoFilter(ApplicationFilterChain.java:193)
	at org.apache.catalina.core.ApplicationFilterChain.doFilter(ApplicationFilterChain.java:138)
	at org.apache.tomcat.websocket.server.WsFilter.doFilter(WsFilter.java:51)
	at org.apache.catalina.core.ApplicationFilterChain.internalDoFilter(ApplicationFilterChain.java:162)
	at org.apache.catalina.core.ApplicationFilterChain.doFilter(ApplicationFilterChain.java:138)
	at org.springframework.web.filter.OncePerRequestFilter.doFilter(OncePerRequestFilter.java:110)
	at org.apache.catalina.core.ApplicationFilterChain.internalDoFilter(ApplicationFilterChain.java:162)
	at org.apache.catalina.core.ApplicationFilterChain.doFilter(ApplicationFilterChain.java:138)
	at org.springframework.web.filter.CompositeFilter$VirtualFilterChain.doFilter(CompositeFilter.java:108)
	at org.springframework.web.filter.CompositeFilter$VirtualFilterChain.doFilter(CompositeFilter.java:108)
	at org.springframework.security.web.FilterChainProxy.lambda$doFilterInternal$3(FilterChainProxy.java:231)
	at org.springframework.security.web.FilterChainProxy$VirtualFilterChain.doFilter(FilterChainProxy.java:365)
	at org.springframework.security.web.access.intercept.AuthorizationFilter.doFilter(AuthorizationFilter.java:101)
	at org.springframework.security.web.FilterChainProxy$VirtualFilterChain.doFilter(FilterChainProxy.java:374)
	at org.springframework.security.web.access.ExceptionTranslationFilter.doFilter(ExceptionTranslationFilter.java:125)
	at org.springframework.security.web.access.ExceptionTranslationFilter.doFilter(ExceptionTranslationFilter.java:119)
	at org.springframework.security.web.FilterChainProxy$VirtualFilterChain.doFilter(FilterChainProxy.java:374)
	at org.springframework.security.web.session.SessionManagementFilter.doFilter(SessionManagementFilter.java:131)
	at org.springframework.security.web.session.SessionManagementFilter.doFilter(SessionManagementFilter.java:85)
	at org.springframework.security.web.FilterChainProxy$VirtualFilterChain.doFilter(FilterChainProxy.java:374)
	at org.springframework.security.web.authentication.AnonymousAuthenticationFilter.doFilter(AnonymousAuthenticationFilter.java:100)
	at org.springframework.security.web.FilterChainProxy$VirtualFilterChain.doFilter(FilterChainProxy.java:374)
	at org.springframework.security.web.servletapi.SecurityContextHolderAwareRequestFilter.doFilter(SecurityContextHolderAwareRequestFilter.java:179)
	at org.springframework.security.web.FilterChainProxy$VirtualFilterChain.doFilter(FilterChainProxy.java:374)
	at org.springframework.security.web.savedrequest.RequestCacheAwareFilter.doFilter(RequestCacheAwareFilter.java:63)
	at org.springframework.security.web.FilterChainProxy$VirtualFilterChain.doFilter(FilterChainProxy.java:374)
	at orionpay.merchant.config.JwtAuthenticationFilter.doFilterInternal(JwtAuthenticationFilter.java:55)
	at org.springframework.web.filter.OncePerRequestFilter.doFilter(OncePerRequestFilter.java:116)
	at org.springframework.security.web.FilterChainProxy$VirtualFilterChain.doFilter(FilterChainProxy.java:374)
	at org.springframework.web.filter.CorsFilter.doFilterInternal(CorsFilter.java:91)
	at org.springframework.web.filter.OncePerRequestFilter.doFilter(OncePerRequestFilter.java:116)
	at org.springframework.security.web.FilterChainProxy$VirtualFilterChain.doFilter(FilterChainProxy.java:374)
	at org.springframework.security.web.header.HeaderWriterFilter.doHeadersAfter(HeaderWriterFilter.java:90)
	at org.springframework.security.web.header.HeaderWriterFilter.doFilterInternal(HeaderWriterFilter.java:75)
	at org.springframework.web.filter.OncePerRequestFilter.doFilter(OncePerRequestFilter.java:116)
	at org.springframework.security.web.FilterChainProxy$VirtualFilterChain.doFilter(FilterChainProxy.java:374)
	at org.springframework.security.web.context.SecurityContextHolderFilter.doFilter(SecurityContextHolderFilter.java:82)
	at org.springframework.security.web.context.SecurityContextHolderFilter.doFilter(SecurityContextHolderFilter.java:69)
	at org.springframework.security.web.FilterChainProxy$VirtualFilterChain.doFilter(FilterChainProxy.java:374)
	at org.springframework.security.web.context.request.async.WebAsyncManagerIntegrationFilter.doFilterInternal(WebAsyncManagerIntegrationFilter.java:62)
	at org.springframework.web.filter.OncePerRequestFilter.doFilter(OncePerRequestFilter.java:116)
	at org.springframework.security.web.FilterChainProxy$VirtualFilterChain.doFilter(FilterChainProxy.java:374)
	at org.springframework.security.web.session.DisableEncodeUrlFilter.doFilterInternal(DisableEncodeUrlFilter.java:42)
	at org.springframework.web.filter.OncePerRequestFilter.doFilter(OncePerRequestFilter.java:116)
	at org.springframework.security.web.FilterChainProxy$VirtualFilterChain.doFilter(FilterChainProxy.java:374)
	at org.springframework.security.web.FilterChainProxy.doFilterInternal(FilterChainProxy.java:233)
	at org.springframework.security.web.FilterChainProxy.doFilter(FilterChainProxy.java:191)
	at org.springframework.web.filter.CompositeFilter$VirtualFilterChain.doFilter(CompositeFilter.java:113)
	at org.springframework.web.filter.ServletRequestPathFilter.doFilter(ServletRequestPathFilter.java:52)
	at org.springframework.web.filter.CompositeFilter$VirtualFilterChain.doFilter(CompositeFilter.java:113)
	at org.springframework.web.filter.CompositeFilter.doFilter(CompositeFilter.java:74)
	at org.springframework.security.config.annotation.web.configuration.WebSecurityConfiguration$CompositeFilterChainProxy.doFilter(WebSecurityConfiguration.java:319)
	at org.springframework.web.filter.CompositeFilter$VirtualFilterChain.doFilter(CompositeFilter.java:113)
	at org.springframework.web.servlet.handler.HandlerMappingIntrospector.lambda$createCacheFilter$4(HandlerMappingIntrospector.java:267)
	at org.springframework.web.filter.CompositeFilter$VirtualFilterChain.doFilter(CompositeFilter.java:113)
	at org.springframework.web.filter.CompositeFilter.doFilter(CompositeFilter.java:74)
	at org.springframework.security.config.annotation.web.configuration.WebMvcSecurityConfiguration$CompositeFilterChainProxy.doFilter(WebMvcSecurityConfiguration.java:240)
	at org.springframework.web.filter.DelegatingFilterProxy.invokeDelegate(DelegatingFilterProxy.java:362)
	at org.springframework.web.filter.DelegatingFilterProxy.doFilter(DelegatingFilterProxy.java:278)
	at org.apache.catalina.core.ApplicationFilterChain.internalDoFilter(ApplicationFilterChain.java:162)
	at org.apache.catalina.core.ApplicationFilterChain.doFilter(ApplicationFilterChain.java:138)
	at org.springframework.web.filter.RequestContextFilter.doFilterInternal(RequestContextFilter.java:100)
	at org.springframework.web.filter.OncePerRequestFilter.doFilter(OncePerRequestFilter.java:116)
	at org.apache.catalina.core.ApplicationFilterChain.internalDoFilter(ApplicationFilterChain.java:162)
	at org.apache.catalina.core.ApplicationFilterChain.doFilter(ApplicationFilterChain.java:138)
	at org.springframework.web.filter.FormContentFilter.doFilterInternal(FormContentFilter.java:93)
	at org.springframework.web.filter.OncePerRequestFilter.doFilter(OncePerRequestFilter.java:116)
	at org.apache.catalina.core.ApplicationFilterChain.internalDoFilter(ApplicationFilterChain.java:162)
	at org.apache.catalina.core.ApplicationFilterChain.doFilter(ApplicationFilterChain.java:138)
	at org.springframework.session.web.http.SessionRepositoryFilter.doFilterInternal(SessionRepositoryFilter.java:142)
	at org.springframework.session.web.http.OncePerRequestFilter.doFilter(OncePerRequestFilter.java:82)
	at org.springframework.web.filter.DelegatingFilterProxy.invokeDelegate(DelegatingFilterProxy.java:362)
	at org.springframework.web.filter.DelegatingFilterProxy.doFilter(DelegatingFilterProxy.java:278)
	at org.apache.catalina.core.ApplicationFilterChain.internalDoFilter(ApplicationFilterChain.java:162)
	at org.apache.catalina.core.ApplicationFilterChain.doFilter(ApplicationFilterChain.java:138)
	at org.springframework.web.filter.CharacterEncodingFilter.doFilterInternal(CharacterEncodingFilter.java:201)
	at org.springframework.web.filter.OncePerRequestFilter.doFilter(OncePerRequestFilter.java:116)
	at org.apache.catalina.core.ApplicationFilterChain.internalDoFilter(ApplicationFilterChain.java:162)
	at org.apache.catalina.core.ApplicationFilterChain.doFilter(ApplicationFilterChain.java:138)
	at org.apache.catalina.core.StandardWrapperValve.invoke(StandardWrapperValve.java:165)
	at org.apache.catalina.core.StandardContextValve.invoke(StandardContextValve.java:88)
	at org.apache.catalina.authenticator.AuthenticatorBase.invoke(AuthenticatorBase.java:492)
	at org.apache.catalina.core.StandardHostValve.invoke(StandardHostValve.java:113)
	at org.apache.catalina.valves.ErrorReportValve.invoke(ErrorReportValve.java:83)
	at org.apache.catalina.core.StandardEngineValve.invoke(StandardEngineValve.java:72)
	at org.apache.catalina.connector.CoyoteAdapter.service(CoyoteAdapter.java:342)
	at org.apache.coyote.http11.Http11Processor.service(Http11Processor.java:399)
	at org.apache.coyote.AbstractProcessorLight.process(AbstractProcessorLight.java:63)
	at org.apache.coyote.AbstractProtocol$ConnectionHandler.process(AbstractProtocol.java:903)
	at org.apache.tomcat.util.net.NioEndpoint$SocketProcessor.doRun(NioEndpoint.java:1775)
	at org.apache.tomcat.util.net.SocketProcessorBase.run(SocketProcessorBase.java:52)
	at org.apache.tomcat.util.threads.ThreadPoolExecutor.runWorker(ThreadPoolExecutor.java:973)
	at org.apache.tomcat.util.threads.ThreadPoolExecutor$Worker.run(ThreadPoolExecutor.java:491)
	at org.apache.tomcat.util.threads.TaskThread$WrappingRunnable.run(TaskThread.java:63)
	at java.base/java.lang.Thread.run(Thread.java:1583)
2026-05-26 18:49:08 [http-nio-0.0.0.0-8085-exec-2] INFO  o.m.d.service.IdempotencyService - Chave de idempotência bloqueada: 52d5afb7-6109-43f4-9c39-f6fecb10c74f
2026-05-26 18:49:08 [http-nio-0.0.0.0-8085-exec-2] INFO  o.m.d.s.AuthorizeTransactionUseCase - Iniciando autorização de transação para o merchantId: 0f6ac19c-1bc2-43f8-a289-d0cf39615f02 | Valor: 1502.88
2026-05-26 18:49:08 [http-nio-0.0.0.0-8085-exec-2] INFO  o.m.d.s.AuthorizeTransactionUseCase - Enviando transação para o Switch gRPC. TransactionId: d3d5c6b0-2d9a-43bb-bab2-3db0d81485a5
2026-05-26 18:49:08 [http-nio-0.0.0.0-8085-exec-2] INFO  o.m.i.a.o.g.AcquiringSwitchGrpcAdapter - Sending gRPC AuthorizeRequest to switch: {"id":"d3d5c6b0-2d9a-43bb-bab2-3db0d81485a5","merchantId":"0f6ac19c-1bc2-43f8-a289-d0cf39615f02","terminalId":"POS-ORION-992","amount":"150288","pinBlockTerminal":"1234567890ABCDEF","panMasked":"230744******5223"}
2026-05-26 18:49:08 [http-nio-0.0.0.0-8085-exec-2] INFO  o.m.d.s.AuthorizeTransactionUseCase - Transação autorizada e persistida com sucesso. ID: d3d5c6b0-2d9a-43bb-bab2-3db0d81485a5 | NSU: 00
2026-05-26 18:49:09 [scheduling-1] INFO  o.m.i.a.output.messaging.OutboxRelay - Processando 1 eventos pendentes na Outbox...
2026-05-26 18:49:09 [org.springframework.amqp.rabbit.RabbitListenerEndpointContainer#0-1] INFO  o.m.domain.service.SettlementService - Iniciando orquestração de liquidação | Transação: d3d5c6b0-2d9a-43bb-bab2-3db0d81485a5
2026-05-26 18:49:09 [org.springframework.amqp.rabbit.RabbitListenerEndpointContainer#0-1] INFO  o.m.i.a.o.p.LedgerRepositoryAdapter - Lançamento de CREDIT registrado para a conta ACC-0F6AC19C [Journal: 1028ff1f-1dc5-4371-a081-ae4e1bd97bf8] | Disponível em: 2026-06-25T18:49:08.869467100
2026-05-26 18:49:09 [org.springframework.amqp.rabbit.RabbitListenerEndpointContainer#0-1] INFO  o.m.domain.service.SettlementService - Parcela 1 promovida para SCHEDULED via Ledger.
2026-05-26 18:49:09 [org.springframework.amqp.rabbit.RabbitListenerEndpointContainer#0-1] INFO  o.m.i.a.o.p.LedgerRepositoryAdapter - Lançamento de CREDIT registrado para a conta ACC-0F6AC19C [Journal: 1028ff1f-1dc5-4371-a081-ae4e1bd97bf8] | Disponível em: 2026-07-25T18:49:08.869467100
2026-05-26 18:49:09 [org.springframework.amqp.rabbit.RabbitListenerEndpointContainer#0-1] INFO  o.m.domain.service.SettlementService - Parcela 2 promovida para SCHEDULED via Ledger.
2026-05-26 18:49:09 [org.springframework.amqp.rabbit.RabbitListenerEndpointContainer#0-1] INFO  o.m.i.a.o.p.LedgerRepositoryAdapter - Lançamento de CREDIT registrado para a conta ACC-0F6AC19C [Journal: 1028ff1f-1dc5-4371-a081-ae4e1bd97bf8] | Disponível em: 2026-08-25T18:49:08.869467100
2026-05-26 18:49:09 [org.springframework.amqp.rabbit.RabbitListenerEndpointContainer#0-1] INFO  o.m.domain.service.SettlementService - Parcela 3 promovida para SCHEDULED via Ledger.
2026-05-26 18:49:09 [org.springframework.amqp.rabbit.RabbitListenerEndpointContainer#0-1] INFO  o.m.i.a.o.p.LedgerRepositoryAdapter - Lançamento de CREDIT registrado para a conta ACC-0F6AC19C [Journal: 1028ff1f-1dc5-4371-a081-ae4e1bd97bf8] | Disponível em: 2026-09-25T18:49:08.869467100
2026-05-26 18:49:09 [org.springframework.amqp.rabbit.RabbitListenerEndpointContainer#0-1] INFO  o.m.domain.service.SettlementService - Parcela 4 promovida para SCHEDULED via Ledger.
2026-05-26 18:49:09 [org.springframework.amqp.rabbit.RabbitListenerEndpointContainer#0-1] INFO  o.m.domain.service.SettlementService - Orquestração de liquidação finalizada com sucesso para transação: d3d5c6b0-2d9a-43bb-bab2-3db0d81485a5
2026-05-26 18:49:28 [http-nio-0.0.0.0-8085-exec-3] INFO  o.m.d.service.IdempotencyService - Chave de idempotência bloqueada: 1b4d37a1-27ed-4435-8f1b-66aca1a07957
2026-05-26 18:49:28 [http-nio-0.0.0.0-8085-exec-3] INFO  o.m.d.s.AuthorizeTransactionUseCase - Iniciando autorização de transação para o merchantId: 0f6ac19c-1bc2-43f8-a289-d0cf39615f02 | Valor: 100
2026-05-26 18:49:28 [http-nio-0.0.0.0-8085-exec-3] INFO  o.m.d.s.AuthorizeTransactionUseCase - Enviando transação para o Switch gRPC. TransactionId: 1cb45b91-7727-4760-8e4e-48d0ecac9aca
2026-05-26 18:49:28 [http-nio-0.0.0.0-8085-exec-3] INFO  o.m.i.a.o.g.AcquiringSwitchGrpcAdapter - Sending gRPC AuthorizeRequest to switch: {"id":"1cb45b91-7727-4760-8e4e-48d0ecac9aca","merchantId":"0f6ac19c-1bc2-43f8-a289-d0cf39615f02","terminalId":"POS-ORION-992","amount":"10000","pinBlockTerminal":"1234567890ABCDEF","panMasked":"230744******5223"}
2026-05-26 18:49:28 [http-nio-0.0.0.0-8085-exec-3] INFO  o.m.d.s.AuthorizeTransactionUseCase - Transação autorizada e persistida com sucesso. ID: 1cb45b91-7727-4760-8e4e-48d0ecac9aca | NSU: 00
2026-05-26 18:49:28 [scheduling-1] INFO  o.m.i.a.output.messaging.OutboxRelay - Processando 1 eventos pendentes na Outbox...
2026-05-26 18:49:28 [org.springframework.amqp.rabbit.RabbitListenerEndpointContainer#0-1] INFO  o.m.domain.service.SettlementService - Iniciando orquestração de liquidação | Transação: 1cb45b91-7727-4760-8e4e-48d0ecac9aca
2026-05-26 18:49:28 [org.springframework.amqp.rabbit.RabbitListenerEndpointContainer#0-1] INFO  o.m.i.a.o.p.LedgerRepositoryAdapter - Lançamento de CREDIT registrado para a conta ACC-0F6AC19C [Journal: b3b9c25b-3653-4986-a1a2-31af57a8dbf2] | Disponível em: 2026-06-25T18:49:28.307670500
2026-05-26 18:49:28 [org.springframework.amqp.rabbit.RabbitListenerEndpointContainer#0-1] INFO  o.m.domain.service.SettlementService - Parcela 1 promovida para SCHEDULED via Ledger.
2026-05-26 18:49:28 [org.springframework.amqp.rabbit.RabbitListenerEndpointContainer#0-1] INFO  o.m.i.a.o.p.LedgerRepositoryAdapter - Lançamento de CREDIT registrado para a conta ACC-0F6AC19C [Journal: b3b9c25b-3653-4986-a1a2-31af57a8dbf2] | Disponível em: 2026-07-25T18:49:28.307670500
2026-05-26 18:49:28 [org.springframework.amqp.rabbit.RabbitListenerEndpointContainer#0-1] INFO  o.m.domain.service.SettlementService - Parcela 2 promovida para SCHEDULED via Ledger.
2026-05-26 18:49:28 [org.springframework.amqp.rabbit.RabbitListenerEndpointContainer#0-1] INFO  o.m.i.a.o.p.LedgerRepositoryAdapter - Lançamento de CREDIT registrado para a conta ACC-0F6AC19C [Journal: b3b9c25b-3653-4986-a1a2-31af57a8dbf2] | Disponível em: 2026-08-25T18:49:28.307670500
2026-05-26 18:49:28 [org.springframework.amqp.rabbit.RabbitListenerEndpointContainer#0-1] INFO  o.m.domain.service.SettlementService - Parcela 3 promovida para SCHEDULED via Ledger.
2026-05-26 18:49:28 [org.springframework.amqp.rabbit.RabbitListenerEndpointContainer#0-1] INFO  o.m.i.a.o.p.LedgerRepositoryAdapter - Lançamento de CREDIT registrado para a conta ACC-0F6AC19C [Journal: b3b9c25b-3653-4986-a1a2-31af57a8dbf2] | Disponível em: 2026-09-25T18:49:28.307670500
2026-05-26 18:49:28 [org.springframework.amqp.rabbit.RabbitListenerEndpointContainer#0-1] INFO  o.m.domain.service.SettlementService - Parcela 4 promovida para SCHEDULED via Ledger.
2026-05-26 18:49:28 [org.springframework.amqp.rabbit.RabbitListenerEndpointContainer#0-1] INFO  o.m.domain.service.SettlementService - Orquestração de liquidação finalizada com sucesso para transação: 1cb45b91-7727-4760-8e4e-48d0ecac9aca
2026-05-26 18:49:41 [http-nio-0.0.0.0-8085-exec-5] INFO  o.m.d.service.IdempotencyService - Chave de idempotência bloqueada: f0ba6c45-532f-4d19-b0da-b7a883c25681
2026-05-26 18:49:41 [http-nio-0.0.0.0-8085-exec-5] INFO  o.m.d.s.AuthorizeTransactionUseCase - Iniciando autorização de transação para o merchantId: 0f6ac19c-1bc2-43f8-a289-d0cf39615f02 | Valor: 5000
2026-05-26 18:49:41 [http-nio-0.0.0.0-8085-exec-5] INFO  o.m.d.s.AuthorizeTransactionUseCase - Enviando transação para o Switch gRPC. TransactionId: 71eb0d73-d151-41ca-a074-9a8b471929ab
2026-05-26 18:49:41 [http-nio-0.0.0.0-8085-exec-5] INFO  o.m.i.a.o.g.AcquiringSwitchGrpcAdapter - Sending gRPC AuthorizeRequest to switch: {"id":"71eb0d73-d151-41ca-a074-9a8b471929ab","merchantId":"0f6ac19c-1bc2-43f8-a289-d0cf39615f02","terminalId":"POS-ORION-992","amount":"500000","pinBlockTerminal":"1234567890ABCDEF","panMasked":"230744******5223"}
2026-05-26 18:49:41 [http-nio-0.0.0.0-8085-exec-5] INFO  o.m.d.s.AuthorizeTransactionUseCase - Transação autorizada e persistida com sucesso. ID: 71eb0d73-d151-41ca-a074-9a8b471929ab | NSU: 00
2026-05-26 18:49:42 [scheduling-1] INFO  o.m.i.a.output.messaging.OutboxRelay - Processando 1 eventos pendentes na Outbox...
2026-05-26 18:49:42 [org.springframework.amqp.rabbit.RabbitListenerEndpointContainer#0-1] INFO  o.m.domain.service.SettlementService - Iniciando orquestração de liquidação | Transação: 71eb0d73-d151-41ca-a074-9a8b471929ab
2026-05-26 18:49:42 [org.springframework.amqp.rabbit.RabbitListenerEndpointContainer#0-1] INFO  o.m.i.a.o.p.LedgerRepositoryAdapter - Lançamento de CREDIT registrado para a conta ACC-0F6AC19C [Journal: 3067545c-cdb3-4d6d-8d44-994715e9c793] | Disponível em: 2026-06-25T18:49:41.988535800
2026-05-26 18:49:42 [org.springframework.amqp.rabbit.RabbitListenerEndpointContainer#0-1] INFO  o.m.domain.service.SettlementService - Parcela 1 promovida para SCHEDULED via Ledger.
2026-05-26 18:49:42 [org.springframework.amqp.rabbit.RabbitListenerEndpointContainer#0-1] INFO  o.m.i.a.o.p.LedgerRepositoryAdapter - Lançamento de CREDIT registrado para a conta ACC-0F6AC19C [Journal: 3067545c-cdb3-4d6d-8d44-994715e9c793] | Disponível em: 2026-07-25T18:49:41.988535800
2026-05-26 18:49:42 [org.springframework.amqp.rabbit.RabbitListenerEndpointContainer#0-1] INFO  o.m.domain.service.SettlementService - Parcela 2 promovida para SCHEDULED via Ledger.
2026-05-26 18:49:42 [org.springframework.amqp.rabbit.RabbitListenerEndpointContainer#0-1] INFO  o.m.i.a.o.p.LedgerRepositoryAdapter - Lançamento de CREDIT registrado para a conta ACC-0F6AC19C [Journal: 3067545c-cdb3-4d6d-8d44-994715e9c793] | Disponível em: 2026-08-25T18:49:41.988535800
2026-05-26 18:49:42 [org.springframework.amqp.rabbit.RabbitListenerEndpointContainer#0-1] INFO  o.m.domain.service.SettlementService - Parcela 3 promovida para SCHEDULED via Ledger.
2026-05-26 18:49:42 [org.springframework.amqp.rabbit.RabbitListenerEndpointContainer#0-1] INFO  o.m.i.a.o.p.LedgerRepositoryAdapter - Lançamento de CREDIT registrado para a conta ACC-0F6AC19C [Journal: 3067545c-cdb3-4d6d-8d44-994715e9c793] | Disponível em: 2026-09-25T18:49:41.988535800
2026-05-26 18:49:42 [org.springframework.amqp.rabbit.RabbitListenerEndpointContainer#0-1] INFO  o.m.domain.service.SettlementService - Parcela 4 promovida para SCHEDULED via Ledger.
2026-05-26 18:49:42 [org.springframework.amqp.rabbit.RabbitListenerEndpointContainer#0-1] INFO  o.m.domain.service.SettlementService - Orquestração de liquidação finalizada com sucesso para transação: 71eb0d73-d151-41ca-a074-9a8b471929ab
2026-05-26 18:49:57 [http-nio-0.0.0.0-8085-exec-7] INFO  o.m.d.service.IdempotencyService - Chave de idempotência bloqueada: fa7c0e96-ecbe-4a85-acaa-3411d7588be9
2026-05-26 18:49:57 [http-nio-0.0.0.0-8085-exec-7] INFO  o.m.d.s.AuthorizeTransactionUseCase - Iniciando autorização de transação para o merchantId: 0f6ac19c-1bc2-43f8-a289-d0cf39615f02 | Valor: 80000
2026-05-26 18:49:57 [http-nio-0.0.0.0-8085-exec-7] INFO  o.m.d.s.AuthorizeTransactionUseCase - Enviando transação para o Switch gRPC. TransactionId: 7e780dc5-5ae3-4136-a192-7b6636f8e1be
2026-05-26 18:49:57 [http-nio-0.0.0.0-8085-exec-7] INFO  o.m.i.a.o.g.AcquiringSwitchGrpcAdapter - Sending gRPC AuthorizeRequest to switch: {"id":"7e780dc5-5ae3-4136-a192-7b6636f8e1be","merchantId":"0f6ac19c-1bc2-43f8-a289-d0cf39615f02","terminalId":"POS-ORION-992","amount":"8000000","pinBlockTerminal":"1234567890ABCDEF","panMasked":"230744******5223"}
2026-05-26 18:49:57 [http-nio-0.0.0.0-8085-exec-7] INFO  o.m.d.s.AuthorizeTransactionUseCase - Transação autorizada e persistida com sucesso. ID: 7e780dc5-5ae3-4136-a192-7b6636f8e1be | NSU: 00
2026-05-26 18:49:57 [scheduling-1] INFO  o.m.i.a.output.messaging.OutboxRelay - Processando 1 eventos pendentes na Outbox...
2026-05-26 18:49:57 [org.springframework.amqp.rabbit.RabbitListenerEndpointContainer#0-1] INFO  o.m.domain.service.SettlementService - Iniciando orquestração de liquidação | Transação: 7e780dc5-5ae3-4136-a192-7b6636f8e1be
2026-05-26 18:49:57 [org.springframework.amqp.rabbit.RabbitListenerEndpointContainer#0-1] INFO  o.m.i.a.o.p.LedgerRepositoryAdapter - Lançamento de CREDIT registrado para a conta ACC-0F6AC19C [Journal: 6ce07715-5472-4653-a3fa-a1b5c424f2c9] | Disponível em: 2026-06-25T18:49:57.149985700
2026-05-26 18:49:57 [org.springframework.amqp.rabbit.RabbitListenerEndpointContainer#0-1] INFO  o.m.domain.service.SettlementService - Parcela 1 promovida para SCHEDULED via Ledger.
2026-05-26 18:49:57 [org.springframework.amqp.rabbit.RabbitListenerEndpointContainer#0-1] INFO  o.m.i.a.o.p.LedgerRepositoryAdapter - Lançamento de CREDIT registrado para a conta ACC-0F6AC19C [Journal: 6ce07715-5472-4653-a3fa-a1b5c424f2c9] | Disponível em: 2026-07-25T18:49:57.149985700
2026-05-26 18:49:57 [org.springframework.amqp.rabbit.RabbitListenerEndpointContainer#0-1] INFO  o.m.domain.service.SettlementService - Parcela 2 promovida para SCHEDULED via Ledger.
2026-05-26 18:49:57 [org.springframework.amqp.rabbit.RabbitListenerEndpointContainer#0-1] INFO  o.m.i.a.o.p.LedgerRepositoryAdapter - Lançamento de CREDIT registrado para a conta ACC-0F6AC19C [Journal: 6ce07715-5472-4653-a3fa-a1b5c424f2c9] | Disponível em: 2026-08-25T18:49:57.149985700
2026-05-26 18:49:57 [org.springframework.amqp.rabbit.RabbitListenerEndpointContainer#0-1] INFO  o.m.domain.service.SettlementService - Parcela 3 promovida para SCHEDULED via Ledger.
2026-05-26 18:49:57 [org.springframework.amqp.rabbit.RabbitListenerEndpointContainer#0-1] INFO  o.m.i.a.o.p.LedgerRepositoryAdapter - Lançamento de CREDIT registrado para a conta ACC-0F6AC19C [Journal: 6ce07715-5472-4653-a3fa-a1b5c424f2c9] | Disponível em: 2026-09-25T18:49:57.149985700
2026-05-26 18:49:57 [org.springframework.amqp.rabbit.RabbitListenerEndpointContainer#0-1] INFO  o.m.domain.service.SettlementService - Parcela 4 promovida para SCHEDULED via Ledger.
2026-05-26 18:49:57 [org.springframework.amqp.rabbit.RabbitListenerEndpointContainer#0-1] INFO  o.m.domain.service.SettlementService - Orquestração de liquidação finalizada com sucesso para transação: 7e780dc5-5ae3-4136-a192-7b6636f8e1be
2026-05-26 18:50:13 [http-nio-0.0.0.0-8085-exec-9] INFO  o.m.d.service.IdempotencyService - Chave de idempotência bloqueada: 47b975f8-8ceb-4de6-96a5-274836a51663
2026-05-26 18:50:13 [http-nio-0.0.0.0-8085-exec-9] INFO  o.m.d.s.AuthorizeTransactionUseCase - Iniciando autorização de transação para o merchantId: 0f6ac19c-1bc2-43f8-a289-d0cf39615f02 | Valor: 120000
2026-05-26 18:50:13 [http-nio-0.0.0.0-8085-exec-9] INFO  o.m.d.s.AuthorizeTransactionUseCase - Enviando transação para o Switch gRPC. TransactionId: f69d80be-50ee-4f33-af0c-a57dd9c40d35
2026-05-26 18:50:13 [http-nio-0.0.0.0-8085-exec-9] INFO  o.m.i.a.o.g.AcquiringSwitchGrpcAdapter - Sending gRPC AuthorizeRequest to switch: {"id":"f69d80be-50ee-4f33-af0c-a57dd9c40d35","merchantId":"0f6ac19c-1bc2-43f8-a289-d0cf39615f02","terminalId":"POS-ORION-992","amount":"12000000","pinBlockTerminal":"1234567890ABCDEF","panMasked":"230744******5223"}
2026-05-26 18:50:13 [http-nio-0.0.0.0-8085-exec-9] INFO  o.m.d.s.AuthorizeTransactionUseCase - Transação autorizada e persistida com sucesso. ID: f69d80be-50ee-4f33-af0c-a57dd9c40d35 | NSU: 00
2026-05-26 18:50:13 [scheduling-1] INFO  o.m.i.a.output.messaging.OutboxRelay - Processando 1 eventos pendentes na Outbox...
2026-05-26 18:50:13 [org.springframework.amqp.rabbit.RabbitListenerEndpointContainer#0-1] INFO  o.m.domain.service.SettlementService - Iniciando orquestração de liquidação | Transação: f69d80be-50ee-4f33-af0c-a57dd9c40d35
2026-05-26 18:50:13 [org.springframework.amqp.rabbit.RabbitListenerEndpointContainer#0-1] INFO  o.m.i.a.o.p.LedgerRepositoryAdapter - Lançamento de CREDIT registrado para a conta ACC-0F6AC19C [Journal: 7f91e473-7f97-4a52-9dc6-100f794bc016] | Disponível em: 2026-06-25T18:50:13.432931700
2026-05-26 18:50:13 [org.springframework.amqp.rabbit.RabbitListenerEndpointContainer#0-1] INFO  o.m.domain.service.SettlementService - Parcela 1 promovida para SCHEDULED via Ledger.
2026-05-26 18:50:13 [org.springframework.amqp.rabbit.RabbitListenerEndpointContainer#0-1] INFO  o.m.i.a.o.p.LedgerRepositoryAdapter - Lançamento de CREDIT registrado para a conta ACC-0F6AC19C [Journal: 7f91e473-7f97-4a52-9dc6-100f794bc016] | Disponível em: 2026-07-25T18:50:13.432931700
2026-05-26 18:50:13 [org.springframework.amqp.rabbit.RabbitListenerEndpointContainer#0-1] INFO  o.m.domain.service.SettlementService - Parcela 2 promovida para SCHEDULED via Ledger.
2026-05-26 18:50:13 [org.springframework.amqp.rabbit.RabbitListenerEndpointContainer#0-1] INFO  o.m.i.a.o.p.LedgerRepositoryAdapter - Lançamento de CREDIT registrado para a conta ACC-0F6AC19C [Journal: 7f91e473-7f97-4a52-9dc6-100f794bc016] | Disponível em: 2026-08-25T18:50:13.432931700
2026-05-26 18:50:13 [org.springframework.amqp.rabbit.RabbitListenerEndpointContainer#0-1] INFO  o.m.domain.service.SettlementService - Parcela 3 promovida para SCHEDULED via Ledger.
2026-05-26 18:50:13 [org.springframework.amqp.rabbit.RabbitListenerEndpointContainer#0-1] INFO  o.m.i.a.o.p.LedgerRepositoryAdapter - Lançamento de CREDIT registrado para a conta ACC-0F6AC19C [Journal: 7f91e473-7f97-4a52-9dc6-100f794bc016] | Disponível em: 2026-09-25T18:50:13.432931700
2026-05-26 18:50:13 [org.springframework.amqp.rabbit.RabbitListenerEndpointContainer#0-1] INFO  o.m.domain.service.SettlementService - Parcela 4 promovida para SCHEDULED via Ledger.
2026-05-26 18:50:13 [org.springframework.amqp.rabbit.RabbitListenerEndpointContainer#0-1] INFO  o.m.domain.service.SettlementService - Orquestração de liquidação finalizada com sucesso para transação: f69d80be-50ee-4f33-af0c-a57dd9c40d35
2026-05-26 18:50:29 [http-nio-0.0.0.0-8085-exec-2] INFO  o.m.d.service.IdempotencyService - Chave de idempotência bloqueada: 8bd8f3a9-7f91-4de4-b6e0-3c11bf3f47c7
2026-05-26 18:50:29 [http-nio-0.0.0.0-8085-exec-2] INFO  o.m.d.s.AuthorizeTransactionUseCase - Iniciando autorização de transação para o merchantId: 0f6ac19c-1bc2-43f8-a289-d0cf39615f02 | Valor: 125888.88
2026-05-26 18:50:29 [http-nio-0.0.0.0-8085-exec-2] INFO  o.m.d.s.AuthorizeTransactionUseCase - Enviando transação para o Switch gRPC. TransactionId: 08c4d357-f0f2-4a62-abbb-4a4070c156b1
2026-05-26 18:50:29 [http-nio-0.0.0.0-8085-exec-2] INFO  o.m.i.a.o.g.AcquiringSwitchGrpcAdapter - Sending gRPC AuthorizeRequest to switch: {"id":"08c4d357-f0f2-4a62-abbb-4a4070c156b1","merchantId":"0f6ac19c-1bc2-43f8-a289-d0cf39615f02","terminalId":"POS-ORION-992","amount":"12588888","pinBlockTerminal":"1234567890ABCDEF","panMasked":"230744******5223"}
2026-05-26 18:50:29 [http-nio-0.0.0.0-8085-exec-2] INFO  o.m.d.s.AuthorizeTransactionUseCase - Transação autorizada e persistida com sucesso. ID: 08c4d357-f0f2-4a62-abbb-4a4070c156b1 | NSU: 00
2026-05-26 18:50:29 [scheduling-1] INFO  o.m.i.a.output.messaging.OutboxRelay - Processando 1 eventos pendentes na Outbox...
2026-05-26 18:50:29 [org.springframework.amqp.rabbit.RabbitListenerEndpointContainer#0-1] INFO  o.m.domain.service.SettlementService - Iniciando orquestração de liquidação | Transação: 08c4d357-f0f2-4a62-abbb-4a4070c156b1
2026-05-26 18:50:29 [org.springframework.amqp.rabbit.RabbitListenerEndpointContainer#0-1] INFO  o.m.i.a.o.p.LedgerRepositoryAdapter - Lançamento de CREDIT registrado para a conta ACC-0F6AC19C [Journal: 920e8c3b-3a19-415b-aa6d-da88d6b3131e] | Disponível em: 2026-06-25T18:50:29.101018800
2026-05-26 18:50:29 [org.springframework.amqp.rabbit.RabbitListenerEndpointContainer#0-1] INFO  o.m.domain.service.SettlementService - Parcela 1 promovida para SCHEDULED via Ledger.
2026-05-26 18:50:29 [org.springframework.amqp.rabbit.RabbitListenerEndpointContainer#0-1] INFO  o.m.i.a.o.p.LedgerRepositoryAdapter - Lançamento de CREDIT registrado para a conta ACC-0F6AC19C [Journal: 920e8c3b-3a19-415b-aa6d-da88d6b3131e] | Disponível em: 2026-07-25T18:50:29.101018800
2026-05-26 18:50:29 [org.springframework.amqp.rabbit.RabbitListenerEndpointContainer#0-1] INFO  o.m.domain.service.SettlementService - Parcela 2 promovida para SCHEDULED via Ledger.
2026-05-26 18:50:29 [org.springframework.amqp.rabbit.RabbitListenerEndpointContainer#0-1] INFO  o.m.i.a.o.p.LedgerRepositoryAdapter - Lançamento de CREDIT registrado para a conta ACC-0F6AC19C [Journal: 920e8c3b-3a19-415b-aa6d-da88d6b3131e] | Disponível em: 2026-08-25T18:50:29.101018800
2026-05-26 18:50:29 [org.springframework.amqp.rabbit.RabbitListenerEndpointContainer#0-1] INFO  o.m.domain.service.SettlementService - Parcela 3 promovida para SCHEDULED via Ledger.
2026-05-26 18:50:29 [org.springframework.amqp.rabbit.RabbitListenerEndpointContainer#0-1] INFO  o.m.i.a.o.p.LedgerRepositoryAdapter - Lançamento de CREDIT registrado para a conta ACC-0F6AC19C [Journal: 920e8c3b-3a19-415b-aa6d-da88d6b3131e] | Disponível em: 2026-09-25T18:50:29.101018800
2026-05-26 18:50:29 [org.springframework.amqp.rabbit.RabbitListenerEndpointContainer#0-1] INFO  o.m.domain.service.SettlementService - Parcela 4 promovida para SCHEDULED via Ledger.
2026-05-26 18:50:29 [org.springframework.amqp.rabbit.RabbitListenerEndpointContainer#0-1] INFO  o.m.domain.service.SettlementService - Orquestração de liquidação finalizada com sucesso para transação: 08c4d357-f0f2-4a62-abbb-4a4070c156b1
